Data	Error thrown
['1', '\xe0\xa4\xb2\xe0\xa4\xbe\xe0\xa4\xb2\xe0\xa4\xac\xe0\xa4\xbe\xe0\xa4\x97']	<class 'mumbai.models.MultipleObjectsReturned'>
['2', '\xe0\xa4\xac\xe0\xa5\x8b\xe0\xa4\xb0\xe0\xa4\xbf\xe0\xa4\xb5\xe0\xa4\xb2\xe0\xa5\x80 (\xe0\xa4\xaa)']	<class 'mumbai.models.MultipleObjectsReturned'>
['3', '\xe0\xa4\x85\xe0\xa4\x82\xe0\xa4\xa7\xe0\xa5\x87\xe0\xa4\xb0\xe0\xa5\x80 (\xe0\xa4\xaa\xe0\xa5\x82)']	<class 'mumbai.models.MultipleObjectsReturned'>
['4', '\xe0\xa4\x9a\xe0\xa5\x87\xe0\xa4\x82\xe0\xa4\xac\xe0\xa5\x81\xe0\xa4\xb0 (\xe0\xa4\xaa)']	<class 'mumbai.models.MultipleObjectsReturned'>
['5', '\xe0\xa4\x96\xe0\xa4\xbe\xe0\xa4\xb0 (\xe0\xa4\xaa)']	<class 'mumbai.models.MultipleObjectsReturned'>
['6', '\xe0\xa4\x97\xe0\xa5\x8b\xe0\xa4\xb5\xe0\xa4\x82\xe0\xa4\xa1\xe0\xa5\x80 (\xe0\xa4\xaa)']	<class 'mumbai.models.MultipleObjectsReturned'>
['7', '\xe0\xa4\xad\xe0\xa4\xbe\xe0\xa4\xaf\xe0\xa4\x96\xe0\xa4\xb2\xe0\xa4\xbe (\xe0\xa4\xaa\xe0\xa5\x81)']	<class 'mumbai.models.MultipleObjectsReturned'>
['8', '\xe0\xa4\xae\xe0\xa4\xbf\xe0\xa4\xb0\xe0\xa4\xbe \xe0\xa4\xb0\xe0\xa5\x8b\xe0\xa4\xa1']	<class 'mumbai.models.MultipleObjectsReturned'>
['9', '\xe0\xa4\xb5\xe0\xa4\xbe\xe0\xa4\xb6\xe0\xa5\x80-\xe0\xa4\xa8\xe0\xa4\xb5\xe0\xa5\x80 \xe0\xa4\xae\xe0\xa5\x81\xe0\xa4\x82\xe0\xa4\xac\xe0\xa4\x87']	<class 'mumbai.models.MultipleObjectsReturned'>
['11', '\xe0\xa4\x97\xe0\xa5\x8b\xe0\xa4\xb0\xe0\xa5\x87\xe0\xa4\x97\xe0\xa4\xbe\xe0\xa4\xb5 (\xe0\xa4\xaa\xe0\xa5\x82)']	<class 'mumbai.models.MultipleObjectsReturned'>
['12', '\xe0\xa4\xac\xe0\xa5\x8b\xe0\xa4\xb0\xe0\xa4\xbf\xe0\xa4\xb5\xe0\xa4\xb2\xe0\xa5\x80 (\xe0\xa4\xaa)']	<class 'mumbai.models.MultipleObjectsReturned'>
['14', '\xe0\xa4\xb6\xe0\xa4\xbf\xe0\xa4\xb5\xe0\xa4\xbe\xe0\xa4\x9c\xe0\xa5\x80 \xe0\xa4\xaa\xe0\xa4\xbe\xe0\xa4\xb0\xe0\xa5\x8d\xe0\xa4\x95']	<class 'mumbai.models.MultipleObjectsReturned'>
['15', '\xe0\xa4\x85\xe0\xa4\x82\xe0\xa4\xa7\xe0\xa5\x87\xe0\xa4\xb0\xe0\xa5\x80 (\xe0\xa4\xaa)']	<class 'mumbai.models.MultipleObjectsReturned'>
['16', '\xe0\xa4\x96\xe0\xa4\xbe\xe0\xa4\xb0 (\xe0\xa4\xaa\xe0\xa5\x82)']	<class 'mumbai.models.MultipleObjectsReturned'>
['17', '\xe0\xa4\xac\xe0\xa4\xbe\xe0\xa4\x82\xe0\xa4\xa6\xe0\xa5\x8d\xe0\xa4\xb0\xe0\xa4\xbe (\xe0\xa4\xaa\xe0\xa5\x82)']	<class 'mumbai.models.MultipleObjectsReturned'>
['18', '\xe0\xa4\xac\xe0\xa4\xbe\xe0\xa4\x82\xe0\xa4\xa6\xe0\xa5\x8d\xe0\xa4\xb0\xe0\xa4\xbe (\xe0\xa4\xaa)']	<class 'mumbai.models.MultipleObjectsReturned'>
['19', '\xe0\xa4\xb8\xe0\xa4\xbe\xe0\xa4\x82\xe0\xa4\xa4\xe0\xa4\xbe\xe0\xa4\x95\xe0\xa5\x8d\xe0\xa4\xb0\xe0\xa5\x81\xe0\xa4\x9c (\xe0\xa4\xaa\xe0\xa5\x82)']	<class 'mumbai.models.MultipleObjectsReturned'>
['20', '\xe0\xa4\xb8\xe0\xa4\xbe\xe0\xa4\x82\xe0\xa4\xa4\xe0\xa4\xbe\xe0\xa4\x95\xe0\xa5\x8d\xe0\xa4\xb0\xe0\xa5\x81\xe0\xa4\x9c (\xe0\xa4\xaa)']	<class 'mumbai.models.MultipleObjectsReturned'>
['21', '\xe0\xa4\xb5\xe0\xa4\xbf\xe0\xa4\xb2\xe0\xa5\x87\xe0\xa4\xaa\xe0\xa4\xbe\xe0\xa4\xb0\xe0\xa5\x8d\xe0\xa4\xb2\xe0\xa5\x87 (\xe0\xa4\xaa\xe0\xa5\x82)']	<class 'mumbai.models.MultipleObjectsReturned'>
['22', '\xe0\xa4\xb5\xe0\xa4\xbf\xe0\xa4\xb2\xe0\xa5\x87\xe0\xa4\xaa\xe0\xa4\xbe\xe0\xa4\xb0\xe0\xa5\x8d\xe0\xa4\xb2\xe0\xa5\x87 (\xe0\xa4\xaa)']	<class 'mumbai.models.MultipleObjectsReturned'>
['23', '\xe0\xa4\x9c\xe0\xa5\x8b\xe0\xa4\x97\xe0\xa5\x87\xe0\xa4\xb6\xe0\xa5\x8d\xe0\xa4\xb5\xe0\xa4\xb0\xe0\xa5\x80 (\xe0\xa4\xaa\xe0\xa5\x82)']	<class 'mumbai.models.MultipleObjectsReturned'>
['24', '\xe0\xa4\x9c\xe0\xa5\x8b\xe0\xa4\x97\xe0\xa5\x87\xe0\xa4\xb6\xe0\xa5\x8d\xe0\xa4\xb5\xe0\xa4\xb0\xe0\xa5\x80 (\xe0\xa4\xaa)']	<class 'mumbai.models.MultipleObjectsReturned'>
['25', '\xe0\xa4\x97\xe0\xa5\x8b\xe0\xa4\xb0\xe0\xa5\x87\xe0\xa4\x97\xe0\xa4\xbe\xe0\xa4\xb5 (\xe0\xa4\xaa)']	<class 'mumbai.models.MultipleObjectsReturned'>
['26', '\xe0\xa4\xae\xe0\xa4\xbe\xe0\xa4\xb2\xe0\xa4\xbe\xe0\xa4\xa1 (\xe0\xa4\xaa\xe0\xa5\x82)']	<class 'mumbai.models.MultipleObjectsReturned'>
['27', '\xe0\xa4\xae\xe0\xa4\xbe\xe0\xa4\xb2\xe0\xa4\xbe\xe0\xa4\xa1 (\xe0\xa4\xaa)']	<class 'mumbai.models.MultipleObjectsReturned'>
['28', '\xe0\xa4\x95\xe0\xa4\xbe\xe0\xa4\x82\xe0\xa4\xa6\xe0\xa4\xbf\xe0\xa4\xb5\xe0\xa4\xb2\xe0\xa5\x80 (\xe0\xa4\xaa\xe0\xa5\x82)']	<class 'mumbai.models.MultipleObjectsReturned'>
['29', '\xe0\xa4\x95\xe0\xa4\xbe\xe0\xa4\x82\xe0\xa4\xa6\xe0\xa4\xbf\xe0\xa4\xb5\xe0\xa4\xb2\xe0\xa5\x80 (\xe0\xa4\xaa)']	<class 'mumbai.models.MultipleObjectsReturned'>
['30', '\xe0\xa4\x95\xe0\xa5\x81\xe0\xa4\xb0\xe0\xa5\x8d\xe0\xa4\xb2\xe0\xa4\xbe (\xe0\xa4\xaa\xe0\xa5\x82)']	<class 'mumbai.models.MultipleObjectsReturned'>
['31', '\xe0\xa4\x95\xe0\xa5\x81\xe0\xa4\xb0\xe0\xa5\x8d\xe0\xa4\xb2\xe0\xa4\xbe (\xe0\xa4\xaa)']	<class 'mumbai.models.MultipleObjectsReturned'>
['32', '\xe0\xa4\xb5\xe0\xa4\xbf\xe0\xa4\xa6\xe0\xa5\x8d\xe0\xa4\xaf\xe0\xa4\xbe\xe0\xa4\xb5\xe0\xa4\xbf\xe0\xa4\xb9\xe0\xa4\xbe\xe0\xa4\xb0 (\xe0\xa4\xaa\xe0\xa5\x82)']	<class 'mumbai.models.MultipleObjectsReturned'>
['33', '\xe0\xa4\xb5\xe0\xa4\xbf\xe0\xa4\xa6\xe0\xa5\x8d\xe0\xa4\xaf\xe0\xa4\xbe\xe0\xa4\xb5\xe0\xa4\xbf\xe0\xa4\xb9\xe0\xa4\xbe\xe0\xa4\xb0 (\xe0\xa4\xaa)']	<class 'mumbai.models.MultipleObjectsReturned'>
['34', '\xe0\xa4\x98\xe0\xa4\xbe\xe0\xa4\x9f\xe0\xa4\x95\xe0\xa5\x8b\xe0\xa4\xaa\xe0\xa4\xb0 (\xe0\xa4\xaa\xe0\xa5\x82)']	<class 'mumbai.models.MultipleObjectsReturned'>
['35', '\xe0\xa4\x98\xe0\xa4\xbe\xe0\xa4\x9f\xe0\xa4\x95\xe0\xa5\x8b\xe0\xa4\xaa\xe0\xa4\xb0 (\xe0\xa4\xaa)']	<class 'mumbai.models.MultipleObjectsReturned'>
['36', '\xe0\xa4\xb5\xe0\xa4\xbf\xe0\xa4\x95\xe0\xa5\x8d\xe0\xa4\xb0\xe0\xa5\x8b\xe0\xa4\xb2\xe0\xa5\x80 (\xe0\xa4\xaa)']	<class 'mumbai.models.MultipleObjectsReturned'>
['37', '\xe0\xa4\xb5\xe0\xa4\xbf\xe0\xa4\x95\xe0\xa5\x8d\xe0\xa4\xb0\xe0\xa5\x8b\xe0\xa4\xb2\xe0\xa5\x80 (\xe0\xa4\xaa\xe0\xa5\x82)']	<class 'mumbai.models.MultipleObjectsReturned'>
['38', '\xe0\xa4\xad\xe0\xa4\xbe\xe0\xa4\x82\xe0\xa4\xa1\xe0\xa5\x81\xe0\xa4\xaa (\xe0\xa4\xaa\xe0\xa5\x82)']	<class 'mumbai.models.MultipleObjectsReturned'>
['39', '\xe0\xa4\xad\xe0\xa4\xbe\xe0\xa4\x82\xe0\xa4\xa1\xe0\xa5\x81\xe0\xa4\xaa (\xe0\xa4\xaa)']	<class 'mumbai.models.MultipleObjectsReturned'>
['40', '\xe0\xa4\xae\xe0\xa5\x81\xe0\xa4\xb2\xe0\xa5\x81\xe0\xa4\x82\xe0\xa4\xa1 (\xe0\xa4\xaa\xe0\xa5\x82)']	<class 'mumbai.models.MultipleObjectsReturned'>
['41', '\xe0\xa4\xae\xe0\xa5\x81\xe0\xa4\xb2\xe0\xa5\x81\xe0\xa4\x82\xe0\xa4\xa1 (\xe0\xa4\xaa)']	<class 'mumbai.models.MultipleObjectsReturned'>
['42', '\xe0\xa4\x95\xe0\xa4\xbe\xe0\xa4\x82\xe0\xa4\x9c\xe0\xa5\x81\xe0\xa4\xb0\xe0\xa4\xae\xe0\xa4\xbe\xe0\xa4\xb0\xe0\xa5\x8d\xe0\xa4\x97 (\xe0\xa4\xaa\xe0\xa5\x82)']	<class 'mumbai.models.MultipleObjectsReturned'>
['43', '\xe0\xa4\x95\xe0\xa4\xbe\xe0\xa4\x82\xe0\xa4\x9c\xe0\xa5\x81\xe0\xa4\xb0\xe0\xa4\xae\xe0\xa4\xbe\xe0\xa4\xb0\xe0\xa5\x8d\xe0\xa4\x97 (\xe0\xa4\xaa)']	<class 'mumbai.models.MultipleObjectsReturned'>
['47', '\xe0\xa4\xb6\xe0\xa4\xbf\xe0\xa4\xb5\xe0\xa4\xa1\xe0\xa5\x80']	<class 'mumbai.models.MultipleObjectsReturned'>
['48', '\xe0\xa4\xb5\xe0\xa4\xb0\xe0\xa4\xb3\xe0\xa5\x80']	<class 'mumbai.models.MultipleObjectsReturned'>
['50', '\xe0\xa4\xac\xe0\xa4\x81\xe0\xa4\x95\xe0\xa4\xac\xe0\xa5\x87']	<class 'mumbai.models.MultipleObjectsReturned'>
['51', '\xe0\xa4\x95\xe0\xa4\xbe\xe0\xa4\x81\xe0\xa4\x9f\xe0\xa4\xa8 \xe0\xa4\x97\xe0\xa5\x8d\xe0\xa4\xb0\xe0\xa4\xbf\xe0\xa4\xa8 (\xe0\xa4\xaa\xe0\xa5\x82)']	<class 'mumbai.models.MultipleObjectsReturned'>
['52', '\xe0\xa4\xb5\xe0\xa4\xa1\xe0\xa4\xbe\xe0\xa4\xb3\xe0\xa4\xbe (\xe0\xa4\xaa\xe0\xa5\x82)']	<class 'mumbai.models.MultipleObjectsReturned'>
['53', '\xe0\xa4\x95\xe0\xa5\x81\xe0\xa4\xb2\xe0\xa4\xbe\xe0\xa4\xac\xe0\xa4\xbe']	<class 'mumbai.models.MultipleObjectsReturned'>
['54', '\xe0\xa4\xaa\xe0\xa5\x8d\xe0\xa4\xb0\xe0\xa4\xad\xe0\xa4\xbe\xe0\xa4\xa6\xe0\xa5\x87\xe0\xa4\xb5\xe0\xa5\x80']	<class 'mumbai.models.MultipleObjectsReturned'>
['55', '\xe0\xa4\x97\xe0\xa5\x8d\xe0\xa4\xb0\xe0\xa4\xbe\xe0\xa4\xa8\xe0\xa5\x8d\xe0\xa4\x9f \xe0\xa4\xb0\xe0\xa5\x8b\xe0\xa4\xa1 (\xe0\xa4\xaa\xe0\xa5\x82)']	<class 'mumbai.models.MultipleObjectsReturned'>
['56', '\xe0\xa4\xae\xe0\xa4\xbe\xe0\xa4\xa8\xe0\xa4\x96\xe0\xa5\x81\xe0\xa4\xb0\xe0\xa5\x8d\xe0\xa4\xa6 (\xe0\xa4\xa6)']	<class 'mumbai.models.MultipleObjectsReturned'>
['57', '\xe0\xa4\xac\xe0\xa4\xb2\xe0\xa4\xbe\xe0\xa4\xb0\xe0\xa5\x8d\xe0\xa4\xa1 \xe0\xa4\xaa\xe0\xa4\xbf\xe0\xa4\xaf\xe0\xa4\xb0']	<class 'mumbai.models.MultipleObjectsReturned'>
['58', '\xe0\xa4\xac\xe0\xa4\xbe\xe0\xa4\x82\xe0\xa4\xa6\xe0\xa5\x8d\xe0\xa4\xb0\xe0\xa4\xbe-\xe0\xa4\x95\xe0\xa5\x81\xe0\xa4\xb0\xe0\xa5\x8d\xe0\xa4\xb2\xe0\xa4\xbe \xe0\xa4\xb8\xe0\xa4\x82\xe0\xa4\x95\xe0\xa5\x81\xe0\xa4\xb2']	<class 'mumbai.models.MultipleObjectsReturned'>
['59', '\xe0\xa4\xb8\xe0\xa4\x81\xe0\xa4\xa1\xe0\xa4\xb9\xe0\xa4\xb0\xe0\xa5\x8d\xe0\xa4\xb8\xe0\xa5\x8d\xe0\xa4\x9f \xe0\xa4\xb0\xe0\xa5\x8b\xe0\xa4\xa1 (\xe0\xa4\xaa\xe0\xa5\x82)']	<class 'mumbai.models.MultipleObjectsReturned'>
['60', '\xe0\xa4\x9a\xe0\xa4\xb0\xe0\xa5\x8d\xe0\xa4\x9a\xe0\xa4\x97\xe0\xa5\x87\xe0\xa4\x9f']	<class 'mumbai.models.MultipleObjectsReturned'>
['61', '\xe0\xa4\xa4\xe0\xa4\xbe\xe0\xa4\xa1\xe0\xa4\xa6\xe0\xa5\x87\xe0\xa4\xb5']	<class 'mumbai.models.MultipleObjectsReturned'>
['63', '\xe0\xa4\x90\xe0\xa4\xb0\xe0\xa5\x8b\xe0\xa4\xb2\xe0\xa5\x80-\xe0\xa4\xa8\xe0\xa4\xb5\xe0\xa5\x80 \xe0\xa4\xae\xe0\xa5\x81\xe0\xa4\x82\xe0\xa4\xac\xe0\xa4\x88']	<class 'mumbai.models.MultipleObjectsReturned'>
['64', '\xe0\xa4\xa0\xe0\xa4\xbe\xe0\xa4\xa3\xe0\xa5\x87 (\xe0\xa4\xaa)']	<class 'mumbai.models.MultipleObjectsReturned'>
['65', '\xe0\xa4\xae\xe0\xa4\xa2']	<class 'mumbai.models.MultipleObjectsReturned'>
['66', '\xe0\xa4\xab\xe0\xa5\x8b\xe0\xa4\xb0\xe0\xa5\x8d\xe0\xa4\x9f']	<class 'mumbai.models.MultipleObjectsReturned'>
['67', '\xe0\xa4\xb6\xe0\xa4\xbf\xe0\xa4\xb5 (\xe0\xa4\xaa)']	<class 'mumbai.models.MultipleObjectsReturned'>
['71', '\xe0\xa4\x86\xe0\xa4\x81\xe0\xa4\xaa\xe0\xa5\x87\xe0\xa4\xb0\xe0\xa4\xbe \xe0\xa4\xb9\xe0\xa4\xbe\xe0\xa4\x89\xe0\xa4\xb8']	<class 'mumbai.models.MultipleObjectsReturned'>
['72', '\xe0\xa4\x95\xe0\xa4\xbe\xe0\xa4\xb2\xe0\xa4\xbe \xe0\xa4\x9a\xe0\xa5\x8c\xe0\xa4\x95\xe0\xa5\x80']	<class 'mumbai.models.MultipleObjectsReturned'>
['73', '\xe0\xa4\xb8\xe0\xa4\xb9\xe0\xa4\xbe\xe0\xa4\xb0']	<class 'mumbai.models.MultipleObjectsReturned'>
['74', '\xe0\xa4\xa8\xe0\xa4\xbe\xe0\xa4\x97\xe0\xa4\xaa\xe0\xa4\xbe\xe0\xa4\xa1\xe0\xa4\xbe']	<class 'mumbai.models.MultipleObjectsReturned'>
['75', '\xe0\xa4\x96\xe0\xa5\x87\xe0\xa4\xa4\xe0\xa4\xb5\xe0\xa4\xbe\xe0\xa4\xa1\xe0\xa5\x80']	<class 'mumbai.models.MultipleObjectsReturned'>
['76', '\xe0\xa4\xa6\xe0\xa5\x87\xe0\xa4\xb5\xe0\xa4\xa8\xe0\xa4\xbe\xe0\xa4\xb0']	<class 'mumbai.models.MultipleObjectsReturned'>
['78', '\xe0\xa4\xae\xe0\xa4\xb9\xe0\xa4\xbe\xe0\xa4\xa4\xe0\xa5\x8d\xe0\xa4\xae\xe0\xa4\xbe \xe0\xa4\xab\xe0\xa5\x81\xe0\xa4\xb2\xe0\xa5\x87 \xe0\xa4\xae\xe0\xa4\xbe\xe0\xa4\xb0\xe0\xa5\x8d\xe0\xa4\x95\xe0\xa5\x87\xe0\xa4\x9f']	<class 'mumbai.models.MultipleObjectsReturned'>
['79', '\xe0\xa4\xb5\xe0\xa4\xa1\xe0\xa4\xbe\xe0\xa4\xb3\xe0\xa4\xbe (\xe0\xa4\xaa)']	<class 'mumbai.models.MultipleObjectsReturned'>
['80', '\xe0\xa4\x9c\xe0\xa5\x81\xe0\xa4\xb9\xe0\xa5\x81']	<class 'mumbai.models.MultipleObjectsReturned'>
['81', '\xe0\xa4\xa4\xe0\xa5\x81\xe0\xa4\xb0\xe0\xa5\x8d\xe0\xa4\xad\xe0\xa5\x87']	<class 'mumbai.models.MultipleObjectsReturned'>
['82', '\xe0\xa4\x85\xe0\xa4\xa3\xe0\xa5\x81\xe0\xa4\xb6\xe0\xa4\x95\xe0\xa5\x8d\xe0\xa4\xa4\xe0\xa5\x80 \xe0\xa4\xa8\xe0\xa4\x97\xe0\xa4\xb0']	<class 'mumbai.models.MultipleObjectsReturned'>
['84', '\xe0\xa4\xa6\xe0\xa4\xbe\xe0\xa4\xa6\xe0\xa4\xb0 (\xe0\xa4\xaa\xe0\xa5\x82)']	<class 'mumbai.models.MultipleObjectsReturned'>
['85', '\xe0\xa4\xa6\xe0\xa4\xbe\xe0\xa4\xa6\xe0\xa4\xb0 (\xe0\xa4\xaa)']	<class 'mumbai.models.MultipleObjectsReturned'>
['86', '\xe0\xa4\xae\xe0\xa4\xbe\xe0\xa4\xb9\xe0\xa4\xbf\xe0\xa4\xae']	<class 'mumbai.models.MultipleObjectsReturned'>
['88', '\xe0\xa4\xae\xe0\xa4\xbe\xe0\xa4\xb9\xe0\xa4\xbf\xe0\xa4\xae (\xe0\xa4\xaa)']	<class 'mumbai.models.MultipleObjectsReturned'>
['89', '\xe0\xa4\xae\xe0\xa4\xbe\xe0\xa4\x9d\xe0\xa4\x97\xe0\xa4\xbe\xe0\xa4\xb5']	<class 'mumbai.models.MultipleObjectsReturned'>
['90', '\xe0\xa4\xa6\xe0\xa4\xb9\xe0\xa4\xbf\xe0\xa4\xb8\xe0\xa4\xb0 (\xe0\xa4\xaa)']	<class 'mumbai.models.MultipleObjectsReturned'>
['91', '\xe0\xa4\x97\xe0\xa4\xbf\xe0\xa4\xb0\xe0\xa4\x97\xe0\xa4\xbe\xe0\xa4\xb5']	<class 'mumbai.models.MultipleObjectsReturned'>
['92', '\xe0\xa4\x85\xe0\xa4\xb8\xe0\xa4\xb2\xe0\xa5\x8d\xe0\xa4\xab\xe0\xa4\xbe \xe0\xa4\x97\xe0\xa4\xbe\xe0\xa4\xb5']	<class 'mumbai.models.MultipleObjectsReturned'>
['93', '\xe0\xa4\x93\xe0\xa4\xb6\xe0\xa4\xbf\xe0\xa4\xb5\xe0\xa4\xb0\xe0\xa4\xbe']	<class 'mumbai.models.MultipleObjectsReturned'>
['94', '\xe0\xa4\xae\xe0\xa4\xb0\xe0\xa5\x8b\xe0\xa4\xb2']	<class 'mumbai.models.MultipleObjectsReturned'>
['95', '\xe0\xa4\x97\xe0\xa5\x8b\xe0\xa4\xb5\xe0\xa4\x82\xe0\xa4\xa1\xe0\xa5\x80 (\xe0\xa4\xaa)']	<class 'mumbai.models.MultipleObjectsReturned'>
['96', '\xe0\xa4\xae\xe0\xa4\xbe\xe0\xa4\xb2\xe0\xa4\xb5\xe0\xa4\xa3\xe0\xa5\x80']	<class 'mumbai.models.MultipleObjectsReturned'>
['97', '\xe0\xa4\x9b.\xe0\xa4\xb6\xe0\xa4\xbf\xe0\xa4\xb5\xe0\xa4\xbe\xe0\xa4\x9c\xe0\xa5\x80 \xe0\xa4\x9f\xe0\xa4\xb0\xe0\xa5\x8d\xe0\xa4\xae\xe0\xa4\xbf\xe0\xa4\xa8\xe0\xa4\xb8']	<class 'mumbai.models.MultipleObjectsReturned'>
['98', '\xe0\xa4\xa7\xe0\xa5\x8b\xe0\xa4\xac\xe0\xa4\xbf\xe0\xa4\xa4\xe0\xa4\xb2\xe0\xa4\xbe\xe0\xa4\xb5']	<class 'mumbai.models.MultipleObjectsReturned'>
['99', '\xe0\xa4\xa6\xe0\xa4\xb9\xe0\xa4\xbf\xe0\xa4\xb8\xe0\xa4\xb0 (\xe0\xa4\xaa\xe0\xa5\x82)']	<class 'mumbai.models.MultipleObjectsReturned'>
['100', '\xe0\xa4\xb6\xe0\xa4\xbf\xe0\xa4\xae\xe0\xa5\x8d\xe0\xa4\xaa\xe0\xa5\x8b\xe0\xa4\xb2\xe0\xa5\x80']	<class 'mumbai.models.MultipleObjectsReturned'>
['101', '\xe0\xa4\xad\xe0\xa5\x87\xe0\xa4\x82\xe0\xa4\xa1\xe0\xa5\x80 \xe0\xa4\xac\xe0\xa4\xbe\xe0\xa4\x9c\xe0\xa4\xbe\xe0\xa4\xb0']	<class 'mumbai.models.MultipleObjectsReturned'>
['102', '\xe0\xa4\xa8\xe0\xa5\x87\xe0\xa4\xb0\xe0\xa5\x81\xe0\xa4\xb2 (\xe0\xa4\xaa\xe0\xa5\x82)-\xe0\xa4\xa8\xe0\xa4\xb5\xe0\xa4\xbf \xe0\xa4\xae\xe0\xa5\x81\xe0\xa4\x82\xe0\xa4\xac\xe0\xa4\x88']	<class 'mumbai.models.MultipleObjectsReturned'>
['103', '\xe0\xa4\xaa\xe0\xa4\xb0\xe0\xa5\x87\xe0\xa4\xb2']	<class 'mumbai.models.MultipleObjectsReturned'>
['104', '\xe0\xa4\xa8\xe0\xa4\xbe\xe0\xa4\xa8\xe0\xa4\xbe \xe0\xa4\x9a\xe0\xa5\x8c\xe0\xa4\x95']	<class 'mumbai.models.MultipleObjectsReturned'>
['105', '\xe0\xa4\xa6\xe0\xa4\xbf\xe0\xa4\x82\xe0\xa4\xa1\xe0\xa5\x8b\xe0\xa4\xb6\xe0\xa5\x80']	<class 'mumbai.models.MultipleObjectsReturned'>
['106', '\xe0\xa4\xb6\xe0\xa4\xbf\xe0\xa4\xb5\xe0\xa4\xbe\xe0\xa4\x9c\xe0\xa5\x80 \xe0\xa4\xa8\xe0\xa4\x97\xe0\xa4\xb0']	<class 'mumbai.models.MultipleObjectsReturned'>
['107', '\xe0\xa4\x9a\xe0\xa4\xbe\xe0\xa4\xb0 \xe0\xa4\xac\xe0\xa4\x82\xe0\xa4\x97\xe0\xa4\xb2\xe0\xa4\xbe']	<class 'mumbai.models.MultipleObjectsReturned'>
['108', '\xe0\xa4\xac\xe0\xa4\xbe\xe0\xa4\xac\xe0\xa5\x81\xe0\xa4\xb2\xe0\xa4\xa8\xe0\xa4\xbe\xe0\xa4\xa5']	<class 'mumbai.models.MultipleObjectsReturned'>
['110', '\xe0\xa4\x9a\xe0\xa4\xbe\xe0\xa4\xb0\xe0\xa4\x95\xe0\xa5\x8b\xe0\xa4\xaa']	<class 'mumbai.models.MultipleObjectsReturned'>
['111', '\xe0\xa4\xa7\xe0\xa4\xbe\xe0\xa4\xb0\xe0\xa4\xbe\xe0\xa4\xb5\xe0\xa5\x80']	<class 'mumbai.models.MultipleObjectsReturned'>
['112', '\xe0\xa4\x95\xe0\xa4\xb0\xe0\xa5\x80 \xe0\xa4\xb0\xe0\xa5\x8b\xe0\xa4\xa1']	<class 'mumbai.models.MultipleObjectsReturned'>
['113', '\xe0\xa4\x97\xe0\xa5\x8b\xe0\xa4\xb0\xe0\xa4\xbe\xe0\xa4\x87']	<class 'mumbai.models.MultipleObjectsReturned'>
['114', '\xe0\xa4\x85\xe0\xa4\x81\xe0\xa4\x9f\xe0\xa5\x8b\xe0\xa4\xaa \xe0\xa4\xb9\xe0\xa4\xbf\xe0\xa4\xb2']	<class 'mumbai.models.MultipleObjectsReturned'>
['115', '\xe0\xa4\xae\xe0\xa4\xbe\xe0\xa4\xb9\xe0\xa5\x81\xe0\xa4\xb2']	<class 'mumbai.models.MultipleObjectsReturned'>
['116', '\xe0\xa4\xb5\xe0\xa4\xbe\xe0\xa4\xb3\xe0\xa4\x95\xe0\xa5\x87\xe0\xa4\xb6\xe0\xa5\x8d\xe0\xa4\xb5\xe0\xa4\xb0']	<class 'mumbai.models.MultipleObjectsReturned'>
['117', '\xe0\xa4\x86\xe0\xa4\xb0\xe0\xa5\x8d\xe0\xa4\xa5\xe0\xa4\xb0 \xe0\xa4\xb0\xe0\xa5\x8b\xe0\xa4\xa1']	<class 'mumbai.models.MultipleObjectsReturned'>
['118', '\xe0\xa4\xaa\xe0\xa4\xb5\xe0\xa4\x88']	<class 'mumbai.models.MultipleObjectsReturned'>
['119', '\xe0\xa4\xad\xe0\xa5\x8b\xe0\xa4\x87\xe0\xa4\xb5\xe0\xa4\xbe\xe0\xa4\xa1\xe0\xa4\xbe']	<class 'mumbai.models.MultipleObjectsReturned'>
['121', '\xe0\xa4\x86\xe0\xa4\xa3\xe0\xa4\xbf\xe0\xa4\x95 ']	<class 'mumbai.models.MultipleObjectsReturned'>
['122', '\xe0\xa4\xad\xe0\xa5\x81\xe0\xa4\xb2\xe0\xa5\x87\xe0\xa4\xb6\xe0\xa5\x8d\xe0\xa4\xb5\xe0\xa4\xb0']	<class 'mumbai.models.MultipleObjectsReturned'>
['123', '\xe0\xa4\xa1\xe0\xa4\xbe\xe0\xa4\x95\xe0\xa4\xaf\xe0\xa4\xbe\xe0\xa4\xb0\xe0\xa5\x8d\xe0\xa4\xa1 \xe0\xa4\xb0\xe0\xa5\x8b\xe0\xa4\xa1']	<class 'mumbai.models.MultipleObjectsReturned'>
['124', '\xe0\xa4\xad\xe0\xa4\xbe\xe0\xa4\xaf\xe0\xa4\x82\xe0\xa4\xa6\xe0\xa4\xb0']	<class 'mumbai.models.MultipleObjectsReturned'>
['126', '\xe0\xa4\xad\xe0\xa4\xbe\xe0\xa4\xaf\xe0\xa4\x96\xe0\xa4\xb3\xe0\xa4\xbe (\xe0\xa4\xaa\xe0\xa5\x82)']	<class 'mumbai.models.MultipleObjectsReturned'>
['127', '\xe0\xa4\xa8\xe0\xa4\xbe\xe0\xa4\xaa\xe0\xa5\x80\xe0\xa4\x85\xe0\xa4\xa8 \xe0\xa4\xb8\xe0\xa5\x80 \xe0\xa4\xb0\xe0\xa5\x8b\xe0\xa4\xa1']	<class 'mumbai.models.MultipleObjectsReturned'>
['128', '\xe0\xa4\x9a\xe0\xa5\x87\xe0\xa4\x82\xe0\xa4\xac\xe0\xa5\x81\xe0\xa4\xb0 (\xe0\xa4\xaa\xe0\xa5\x82)']	<class 'mumbai.models.MultipleObjectsReturned'>
['129', '\xe0\xa4\xaa\xe0\xa5\x8d\xe0\xa4\xb0\xe0\xa4\xa4\xe0\xa4\xbf\xe0\xa4\x95\xe0\xa5\x8d\xe0\xa4\xb7\xe0\xa4\xbe \xe0\xa4\xa8\xe0\xa4\x97\xe0\xa4\xb0']	<class 'mumbai.models.MultipleObjectsReturned'>
['130', '\xe0\xa4\x95\xe0\xa5\x8b\xe0\xa4\xaa\xe0\xa4\xb0 \xe0\xa4\x96\xe0\xa5\x88\xe0\xa4\xb0\xe0\xa4\xbe\xe0\xa4\xa3\xe0\xa5\x87 ']	<class 'mumbai.models.MultipleObjectsReturned'>
['131', '\xe0\xa4\xb9\xe0\xa4\xbe\xe0\xa4\x9c\xe0\xa5\x80\xe0\xa4\x85\xe0\xa4\xb2\xe0\xa5\x80']	<class 'mumbai.models.MultipleObjectsReturned'>
['132', '\xe0\xa4\x95\xe0\xa4\xb2\xe0\xa4\xbf\xe0\xa4\xa8\xe0\xa4\xbe']	<class 'mumbai.models.MultipleObjectsReturned'>
['133', '\xe0\xa4\x95\xe0\xa4\xbf\xe0\xa4\x82\xe0\xa4\x97\xe0\xa5\x8d\xe0\xa4\x9c \xe0\xa4\xb8\xe0\xa4\xb0\xe0\xa5\x8d\xe0\xa4\x95\xe0\xa4\xb2']	<class 'mumbai.models.MultipleObjectsReturned'>
['134', '\xe0\xa4\xb2\xe0\xa5\x8b\xe0\xa4\x85\xe0\xa4\xb0 \xe0\xa4\xaa\xe0\xa4\xb0\xe0\xa5\x87\xe0\xa4\xb2']	<class 'mumbai.models.MultipleObjectsReturned'>
['135', '\xe0\xa4\xb5\xe0\xa4\xb0\xe0\xa5\x8d\xe0\xa4\xb8\xe0\xa5\x8b\xe0\xa4\xb5\xe0\xa4\xbe']	<class 'mumbai.models.MultipleObjectsReturned'>
['136', '\xe0\xa4\xae\xe0\xa4\xb9\xe0\xa4\xbe\xe0\xa4\xaa\xe0\xa5\x87-\xe0\xa4\xa8\xe0\xa4\xb5\xe0\xa4\xbf \xe0\xa4\xae\xe0\xa5\x81\xe0\xa4\x82\xe0\xa4\xac\xe0\xa4\x88']	<class 'mumbai.models.MultipleObjectsReturned'>
['137', '\xe0\xa4\x9c\xe0\xa5\x87.\xe0\xa4\xb5\xe0\xa5\x8d\xe0\xa4\xb9\xe0\xa5\x80.\xe0\xa4\xaa\xe0\xa5\x80.\xe0\xa4\xa1\xe0\xa5\x80']	<class 'mumbai.models.MultipleObjectsReturned'>
['138', '\xe0\xa4\x9a\xe0\xa4\xbe\xe0\xa4\x82\xe0\xa4\xa6\xe0\xa4\xbf\xe0\xa4\xb5\xe0\xa4\xb2\xe0\xa5\x80']	<class 'mumbai.models.MultipleObjectsReturned'>
['140', '\xe0\xa4\x8f\xe0\xa4\xb2\xe0\xa4\xab\xe0\xa4\xbf\xe0\xa4\xb8\xe0\xa5\x8d\xe0\xa4\x9f\xe0\xa4\xa8 \xe0\xa4\xb0\xe0\xa5\x8b\xe0\xa4\xa1']	<class 'mumbai.models.MultipleObjectsReturned'>
['141', '\xe0\xa4\xae\xe0\xa4\xbe\xe0\xa4\x82\xe0\xa4\x9f\xe0\xa5\x81\xe0\xa4\x97\xe0\xa4\xbe (\xe0\xa4\xaa)']	<class 'mumbai.models.MultipleObjectsReturned'>
['142', '\xe0\xa4\xa1\xe0\xa5\x8b\xe0\xa4\x82\xe0\xa4\x97\xe0\xa4\xb0\xe0\xa5\x80']	<class 'mumbai.models.MultipleObjectsReturned'>
['144', '\xe0\xa4\xae\xe0\xa4\x82\xe0\xa4\xa4\xe0\xa5\x8d\xe0\xa4\xb0\xe0\xa4\xbe\xe0\xa4\xb2\xe0\xa4\xaf']	<class 'mumbai.models.MultipleObjectsReturned'>
['145', '\xe0\xa4\x98\xe0\xa4\xa8\xe0\xa4\xb8\xe0\xa5\x8b\xe0\xa4\xb2\xe0\xa5\x80-\xe0\xa4\xa8\xe0\xa4\xb5\xe0\xa5\x80 \xe0\xa4\xae\xe0\xa5\x81\xe0\xa4\x82\xe0\xa4\xac\xe0\xa4\x88']	<class 'mumbai.models.MultipleObjectsReturned'>
['146', '\xe0\xa4\xb0\xe0\xa5\x87 \xe0\xa4\xb0\xe0\xa5\x8b\xe0\xa4\xa1 (\xe0\xa4\xaa\xe0\xa5\x82)']	<class 'mumbai.models.MultipleObjectsReturned'>
['147', '\xe0\xa4\xae\xe0\xa4\xb9\xe0\xa4\xbe\xe0\xa4\xb2\xe0\xa4\x95\xe0\xa5\x8d\xe0\xa4\xb7\xe0\xa5\x8d\xe0\xa4\xae\xe0\xa5\x80 (\xe0\xa4\xaa)']	<class 'mumbai.models.MultipleObjectsReturned'>
['148', '\xe0\xa4\x97\xe0\xa5\x8d\xe0\xa4\xb0\xe0\xa4\xbe\xe0\xa4\x82\xe0\xa4\x9f \xe0\xa4\xb0\xe0\xa5\x8b\xe0\xa4\xa1 (\xe0\xa4\xaa)']	<class 'mumbai.models.MultipleObjectsReturned'>
['149', '\xe0\xa4\xb8\xe0\xa5\x80.\xe0\xa4\xaa\xe0\xa5\x80.\xe0\xa4\x9f\xe0\xa4\x81\xe0\xa4\x95']	<class 'mumbai.models.MultipleObjectsReturned'>
['150', '\xe0\xa4\xae\xe0\xa4\xb0\xe0\xa4\xbf\xe0\xa4\xa8 \xe0\xa4\xb2\xe0\xa4\xbe\xe0\xa4\x87\xe0\xa4\xa8\xe0\xa5\x8d\xe0\xa4\xb8']	<class 'mumbai.models.MultipleObjectsReturned'>
['151', '\xe0\xa4\x95\xe0\xa4\xbe\xe0\xa4\xb6\xe0\xa4\xbf\xe0\xa4\xae\xe0\xa4\xbf\xe0\xa4\xb0\xe0\xa4\xbe']	<class 'mumbai.models.MultipleObjectsReturned'>
['152', '\xe0\xa4\xaa\xe0\xa4\xbe\xe0\xa4\xaf\xe0\xa4\xa7\xe0\xa5\x8b\xe0\xa4\xa8\xe0\xa5\x80']	<class 'mumbai.models.MultipleObjectsReturned'>
['153', '\xe0\xa4\xaa\xe0\xa5\x87\xe0\xa4\xa6\xe0\xa5\x8d\xe0\xa4\xa6\xe0\xa4\xbe\xe0\xa4\xb0 \xe0\xa4\xb0\xe0\xa5\x8b\xe0\xa4\xa1']	<class 'mumbai.models.MultipleObjectsReturned'>
['154', '\xe0\xa4\xb0\xe0\xa5\x87 \xe0\xa4\xb0\xe0\xa5\x8b\xe0\xa4\xa1 (\xe0\xa4\xaa)']	<class 'mumbai.models.MultipleObjectsReturned'>
['155', '\xe0\xa4\xb8\xe0\xa4\xbe\xe0\xa4\xa4 \xe0\xa4\xb0\xe0\xa4\xb8\xe0\xa5\x8d\xe0\xa4\xa4\xe0\xa4\xbe']	<class 'mumbai.models.MultipleObjectsReturned'>
['156', '\xe0\xa4\xae\xe0\xa5\x81\xe0\xa4\x82\xe0\xa4\xac\xe0\xa4\x88 \xe0\xa4\xb8\xe0\xa5\x87\xe0\xa4\x82\xe0\xa4\x9f\xe0\xa5\x8d\xe0\xa4\xb0\xe0\xa4\xb2 (\xe0\xa4\xaa\xe0\xa5\x82)']	<class 'mumbai.models.MultipleObjectsReturned'>
['157', '\xe0\xa4\xb6\xe0\xa4\xbf\xe0\xa4\xb5\xe0\xa4\xa1\xe0\xa5\x80 (\xe0\xa4\xaa\xe0\xa5\x82)']	<class 'mumbai.models.MultipleObjectsReturned'>
['158', '\xe0\xa4\xb6\xe0\xa4\xbf\xe2\x80\x8c\xe0\xa4\xb5 (\xe0\xa4\xaa)']	<class 'mumbai.models.MultipleObjectsReturned'>
['159', '\xe0\xa4\xae\xe0\xa4\xb8\xe0\xa5\x8d\xe0\xa4\x9c\xe0\xa4\xbf\xe0\xa4\xa6 \xe0\xa4\xac\xe0\xa4\x82\xe0\xa4\xa6\xe0\xa4\xb0']	<class 'mumbai.models.MultipleObjectsReturned'>
['160', '\xe0\xa4\xa1\xe0\xa5\x87\xe0\xa4\xb2\xe0\xa4\xbf\xe0\xa4\xb8\xe0\xa5\x8d\xe0\xa4\xb2\xe0\xa5\x87 \xe0\xa4\xb0\xe0\xa5\x8b\xe0\xa4\xa1']	<class 'mumbai.models.MultipleObjectsReturned'>
['161', '\xe0\xa4\xaa\xe0\xa4\xbe\xe0\xa4\xb0\xe0\xa5\x8d\xe0\xa4\xb2\xe0\xa5\x87 (\xe0\xa4\xaa\xe0\xa5\x82)']	<class 'mumbai.models.MultipleObjectsReturned'>
['162', '\xe0\xa4\x9a\xe0\xa5\x81\xe0\xa4\xa8\xe0\xa4\xbe\xe0\xa4\xad\xe0\xa4\x9a\xe0\xa4\x9f\xe0\xa5\x8d\xe0\xa4\x9f\xe0\xa5\x80']	<class 'mumbai.models.MultipleObjectsReturned'>
['163', '\xe0\xa4\x96\xe0\xa5\x88\xe0\xa4\xb0\xe0\xa4\xbe\xe0\xa4\xa8\xe0\xa5\x80']	<class 'mumbai.models.MultipleObjectsReturned'>
['164', '\xe0\xa4\xab\xe0\xa4\xbf\xe0\xa4\xb2\xe0\xa5\x8d\xe0\xa4\x9f\xe0\xa4\xb0 \xe0\xa4\xaa\xe0\xa4\xbe\xe0\xa4\xa1\xe0\xa4\xbe']	<class 'mumbai.models.MultipleObjectsReturned'>
['165', '\xe0\xa4\xb5\xe0\xa4\xbf\xe0\xa4\xb9\xe0\xa4\xbe\xe0\xa4\xb0']	<class 'mumbai.models.MultipleObjectsReturned'>
['166', '\xe0\xa4\x9a\xe0\xa4\xb0\xe0\xa5\x8d\xe0\xa4\xa8\xe0\xa5\x80 \xe0\xa4\xb0\xe0\xa5\x8b\xe0\xa4\xa1 (\xe0\xa4\xaa\xe0\xa5\x82)']	<class 'mumbai.models.MultipleObjectsReturned'>
['167', '\xe0\xa4\xae\xe0\xa4\xbe\xe0\xa4\x82\xe0\xa4\x9f\xe0\xa5\x81\xe0\xa4\x97\xe0\xa4\xbe (\xe0\xa4\xaa\xe0\xa5\x82)']	<class 'mumbai.models.MultipleObjectsReturned'>
['168', '\xe0\xa4\xac\xe0\xa5\x87\xe0\xa4\xb2\xe0\xa4\xbe\xe0\xa4\xaa\xe0\xa5\x81\xe0\xa4\xb0-\xe0\xa4\xa8\xe0\xa4\xb5\xe0\xa5\x80 \xe0\xa4\xae\xe0\xa5\x81\xe0\xa4\x82\xe0\xa4\xac\xe0\xa4\x88']	<class 'mumbai.models.MultipleObjectsReturned'>
['169', '\xe0\xa4\xaa\xe0\xa5\x8b\xe0\xa4\xaf\xe0\xa4\xb8\xe0\xa4\xb0']	<class 'mumbai.models.MultipleObjectsReturned'>
['170', '\xe0\xa4\xb8\xe0\xa4\xbe\xe0\xa4\x95\xe0\xa4\xbf-\xe0\xa4\xa8\xe0\xa4\xbe\xe0\xa4\x95\xe0\xa4\xbe']	<class 'mumbai.models.MultipleObjectsReturned'>
['171', '\xe0\xa4\xae\xe0\xa5\x8b\xe0\xa4\xb0 \xe0\xa4\x97\xe0\xa4\xbe\xe0\xa4\xb5- \xe0\xa4\x9c\xe0\xa5\x81\xe0\xa4\xb9\xe0\xa5\x81']	<class 'mumbai.models.MultipleObjectsReturned'>
['172', '\xe0\xa4\xb5\xe0\xa4\xbe\xe0\xa4\xa1\xe0\xa5\x80 \xe0\xa4\xac\xe0\xa4\x82\xe0\xa4\xa6\xe0\xa4\xb0']	<class 'mumbai.models.MultipleObjectsReturned'>
['173', '\xe0\xa4\x85\xe0\xa4\x95\xe0\xa5\x8d\xe0\xa4\xb8\xe0\xa4\xbe']	<class 'mumbai.models.MultipleObjectsReturned'>
['174', '\xe0\xa4\xae\xe0\xa4\xbe\xe0\xa4\xb0\xe0\xa5\x8d\xe0\xa4\xb5\xe0\xa5\x87']	<class 'mumbai.models.MultipleObjectsReturned'>
['175', '\xe0\xa4\xae\xe0\xa4\xbe\xe0\xa4\x97\xe0\xa4\xbe\xe0\xa4\xa0\xe0\xa4\xbe\xe0\xa4\xa3\xe0\xa5\x87']	<class 'mumbai.models.MultipleObjectsReturned'>
['176', '\xe0\xa4\xb5\xe0\xa4\xbe\xe0\xa4\xb6\xe0\xa5\x80 \xe0\xa4\xa8\xe0\xa4\xbe\xe0\xa4\x95\xe0\xa4\xbe']	<class 'mumbai.models.MultipleObjectsReturned'>
['177', '\xe0\xa4\xae\xe0\xa5\x81\xe0\xa4\x82\xe0\xa4\xac\xe0\xa4\x88 \xe0\xa4\xb8\xe0\xa4\xae\xe0\xa4\xbe\xe0\xa4\x9a\xe0\xa4\xbe\xe0\xa4\xb0 \xe0\xa4\xae\xe0\xa4\xbe\xe0\xa4\xb0\xe0\xa5\x8d\xe0\xa4\x97']	<class 'mumbai.models.MultipleObjectsReturned'>
['178', '\xe0\xa4\xa8\xe0\xa4\xbe\xe0\xa4\xb9\xe0\xa5\x81\xe0\xa4\xb0 (\xe0\xa4\xaa)']	<class 'mumbai.models.MultipleObjectsReturned'>
['179', '\xe0\xa4\xae\xe0\xa5\x8d\xe0\xa4\xaf\xe0\xa5\x81\xe0\xa4\x9d\xe0\xa4\xbf\xe0\xa4\xaf\xe0\xa4\xae']	<class 'mumbai.models.MultipleObjectsReturned'>
['180', '\xe0\xa4\x98\xe0\xa5\x8b\xe0\xa4\xa1\xe0\xa4\xac\xe0\xa4\x82\xe0\xa4\xa6\xe0\xa4\xb0']	<class 'mumbai.models.MultipleObjectsReturned'>
['181', '\xe0\xa4\xa0\xe0\xa4\xbe\xe0\xa4\xa3\xe0\xa5\x87 (\xe0\xa4\xaa\xe0\xa5\x82)']	<class 'mumbai.models.MultipleObjectsReturned'>
['182', '\xe0\xa4\x96\xe0\xa4\xbe\xe0\xa4\xb0\xe0\xa4\x98\xe0\xa4\xb0']	<class 'mumbai.models.MultipleObjectsReturned'>
['183', '\xe0\xa4\x95\xe0\xa4\xbe\xe0\xa4\xae\xe0\xa5\x8b\xe0\xa4\xa0\xe0\xa5\x87']	<class 'mumbai.models.MultipleObjectsReturned'>
['184', '\xe0\xa4\x95\xe0\xa4\xb3\xe0\xa4\x82\xe0\xa4\xac\xe0\xa5\x8b\xe0\xa4\xb2\xe0\xa5\x80']	<class 'mumbai.models.MultipleObjectsReturned'>
['185', '\xe0\xa4\xb8\xe0\xa4\xbe\xe0\xa4\xa8\xe0\xa4\xaa\xe0\xa4\xbe\xe0\xa4\xa1\xe0\xa4\xbe']	<class 'mumbai.models.MultipleObjectsReturned'>
['186', '\xe0\xa4\x9c\xe0\xa5\x81\xe0\xa4\xb9\xe0\xa4\xbf\xe0\xa4\xa8\xe0\xa4\x97\xe0\xa4\xb0']	<class 'mumbai.models.MultipleObjectsReturned'>
['187', '\xe0\xa4\xb8\xe0\xa4\xb0\xe0\xa4\xb8\xe0\xa5\x8b\xe0\xa4\xb2']	<class 'mumbai.models.MultipleObjectsReturned'>
['188', '\xe0\xa4\xb8\xe0\xa5\x80\xe0\xa4\xb5\xe0\xa5\x81\xe0\xa4\xa1\xe0\xa4\xb8\xe0\xa5\x8d']	<class 'mumbai.models.MultipleObjectsReturned'>
['189', '\xe0\xa4\x95\xe0\xa4\xb3\xe0\xa4\xb5\xe0\xa4\xbe']	<class 'mumbai.models.MultipleObjectsReturned'>
['190', '\xe0\xa4\x96\xe0\xa4\xbe\xe0\xa4\xb0\xe0\xa4\xbf\xe0\xa4\x97\xe0\xa4\xbe\xe0\xa4\xb5']	<class 'mumbai.models.MultipleObjectsReturned'>
['191', '\xe0\xa4\xa6\xe0\xa4\xbf\xe0\xa4\x98\xe0\xa5\x87']	<class 'mumbai.models.MultipleObjectsReturned'>
['192', '\xe0\xa4\xb5\xe0\xa4\xbf\xe0\xa4\x9f\xe0\xa4\xbe\xe0\xa4\xb5\xe0\xa4\xbe']	<class 'mumbai.models.MultipleObjectsReturned'>
['193', '\xe0\xa4\xae\xe0\xa5\x81\xe0\xa4\x82\xe0\xa4\xac\xe0\xa5\x8d\xe0\xa4\xb0\xe0\xa4\xbe']	<class 'mumbai.models.MultipleObjectsReturned'>
['194', '\xe0\xa4\x89\xe0\xa4\xa4\xe0\xa5\x8d\xe0\xa4\xa4\xe0\xa4\xa8']	<class 'mumbai.models.MultipleObjectsReturned'>
