ROADCD	ROADNM
1	DADABHAI NAVROJI MARG
2	SWAMI VIVEKANAND MARG
3	10 TH ROAD ( CHEMBUR )
8	GOVANDI STATION ROAD
9	SIR J.J.MARG
10	MIRA ROAD STATION(E)
11	SANPADA STATION ROAD
12	A.P.M.COMPLEX
13	VASANTRAO NAIK MARG
14	AAREY COLONY (GOREGAON-E)
15	YOGI NAGAR MARG
16	KAJUPADA
17	P.K.SAWANT MARG
18	DINKARRAO DESAI MARG
20	KAJUPADA MARG
21	G.D.AMBEKAR MARG
22	DR.ANNIE BESANT MARG
23	VITHAL NARAYAN PURAV MARG
24	N.G.ACHARYA MARG
25	WADALA ROAD
26	MIRA ROAD SECTOR NO.8
27	CHUNILAL GIRIDHARILAL MARG
28	90 FT ROAD(WADALA TRUCK TERMINAL)
29	*NAME TO BE CONFIRMED
30	LINK ROAD
31	JITENDRA MARG
32	MESSANT MARG
33	CAPTAIN PRAKASH PETHE MARG
34	HINGWALA MARG
35	RAVJI GANATRA MARG
37	ROAD NO.32 (BANDRA-W)
38	RAO BAHADUR S.K.BOLE MARG
39	EKSAR VILLAGE MARG
40	MAULANA SHAUKATALI MARG
41	SWAMI NITYANAND MARG
42	BHIKAJI DAMAJI PATIL MARG
43	Y.B.CHAVAN MARG
44	SHOORJI VALLABHDAS MARG
45	DR.RAJENDRA PRASAD ROAD
46	KHAN ABDUL GAFFARKHAN MARG
47	SUBHASH NAGAR MARG
48	BHANDUP VILLAGE MARG
49	GOREGAON- MULUND LINK ROAD
50	LAL BAHADUR SHASTRI MARG
51	VEER JIJAMATA BHOSLE MARG
52	MAHAKALI CAVES MARG
53	SIR ALIYAWAR JUNG MARG
54	P.D'MELLO MARG
55	VEER SAVARKAR MARG
56	CAVES MARG
57	SARDAR PRATAPSINGH MARG
58	J.J.MARG
60	VEER NARIMAN MARG
61	PT.MADAN MOHAN MALVIYA MARG
62	MASTER VINAYAK MARG
63	KOLI KALINA MARG
64	SANT TUKARAM MAHARAJ MARG
65	MADH MARVE MARG
66	SERVICE ROAD
67	KRISHANCHAND MARG
68	SHANTI NAGAR MARG
69	MAMA PARMANAND MARG
70	SARDAR VALLABHBHAI PATEL MARG
71	BARRISTER NATH PAI MARG
73	MAULANA AZAD MARG
74	MILITARY MARG
75	VIDYA NAGARI MARG
76	MAHATMA GANDHI MARG
77	P.L.LOKHANDE MARG
78	KHINDIPADA MARG
79	WAMAN TUKARAM PATIL ROAD
81	NAVGHAR MARG
82	SIR MATHURADAS VASANJI MARG
83	SENAPATI BAPAT MARG
84	MOHAMMED ALI MARG
85	CEASER MARG
86	GURU GOBINDSINGH MARG
87	GHATKOPAR (W)
88	RAFI AHMED KIDWAI MARG
89	ADI SHANKARACHARYA MARG
90	CHANDIVLI VILLAGE MARG
91	SAHAKAR NAGAR MARG
92	DR.SARVAPALLI RADHAKRISHNAN MARG
93	LOKMANYA TILAK MARG (EXTN)
94	MUMBAI MARATHI GRANTHSANGRALAYA MG
95	BHAVANI SHANKAR MARG
96	LOKMANYA TILAK MARG
97	DR.BABASAHEB AMBEDKAR MARG
98	N.C.KELKAR MARG
99	LADY JAMSHEDJI MARG
100	DR.DADASAHEB BHADKAMKAR MARG
101	MORI ROAD
103	SANT GADGE MAHARAJ MARG
104	G.D.SOMANI MARG
105	ANAND MARG
106	SAINATH MARG
107	ANANDILAL PODDAR MARG
108	KASTURBA MARG
109	MALLET BUNDER MARG
110	SHITALADEVI TEMPLE MARG
111	ACHARYA ANAND RUSHI MARG
112	THERESA ROAD
113	JARIMARI TEMPLE MARG
114	GURU NANAK MARG
115	VITHALBHAI PATEL MARG
116	RAMDAS NAYAK MARG
117	JAY PRAKASH MARG
118	PATTHE BAPURAO MARG
119	CHITRAKAR DHURANDHAR MARG
120	BHAKTI VEDANTA MARG
121	JUHU TARA MARG
122	JANARDAN RAMAJI MHATRE MARG
123	ATMARAM BHOIR MARG
124	JAGANNATH SHANKARSHETH MARG
125	TUREL PAKHADI MARG
126	SULOCHANA SETTY MARG
128	SANT SHITOLEBABA MAHARAJ MARG
129	MAROL MAROSHI MARG
130	FILTERPADA MARG
131	"C" CROSS ROAD
132	AAREY MARG
134	GOSHALA ROAD
135	BEST NAGAR MARG
136	HARIBHAU SHAILAJI RUPWATE MARG
138	SHAHID ABDUL HAMID MARG
139	WALCHAND HIRACHAND MARG
140	MAHAPALIKA MARG
141	SHAHID BHAGATSINGH MARG
142	JATHA SHANKAR DOSSA MARG
143	JOGESHWARI-VIKHROLI LINK ROAD
144	SPECIAL STEEL MARG
145	RAMKRISHNA PARAMHANS MARG
146	DR.G.M.BHOSLE MARG
147	CHOITHRAM GIDWANI MARG
148	DAINIK SHIVNER MARG
149	HINDU FRIENDS SOCIETY MARG
150	SRUSHTI MARG
151	KASTUR PARK MARG
152	SHIV VALLABH MARG
153	SANE GURUJI MARG
154	CHHATRAPATI SHIVAJI LINK ROAD
155	MADHAVDAS AMARSHI MARG
156	MASCARENHES MARG
157	RANI SATI MARG
158	SHAIKH MISHRI MARG
159	RAWALPADA MARG
160	GOVINDJI KENI MARG
162	DAYABHAI ROAD
163	TEMBIPADA MARG
164	AUGUST KRANTI MAIDAN MARG
165	TANAJI MALUSARE MARG
166	HIRABHAI VALLABHBHAI PATEL MARG
167	GEN.ARUNKUMAR VAIDYA MARG
168	RASHTRASEVIKA LAXMIBAI KELKAR MARG
169	SWAMI SHREE VALLABHDAS MARG
170	ROAD NO.8 (SION)
171	ROAD NO.3 (SION)
172	ROAD NO.1 (SION)
174	MUNICIPAL MARG
175	MAHATMA PHULE MARG
176	VEER MAKARAND GHANEKAR MARG
178	RAMKRISHNA CHEMBURKAR MARG
179	DR.HOMI BHABHA MARG
180	DR.D.G.PALKAR MARG
181	JEENABHAI MULJI RATHOD MARG
182	NADKARNI MARG
183	PARK STREET
184	18'TH ROAD
185	RAMCHANDRA BAJIRAO KADAM MARG
186	BABULNATH MARG
187	NYAYMURTI SITARAM PATKAR MARG
188	SHRIRANG SABADE MARG
189	NARGIS DUTT MARG
190	CHUIM VILLAGE MARG
192	CHANDAVARKAR MARG
194	BAJIPRABHU DESHPANDE MARG
195	THANE BELAPUR MARG
196	RAGHUNATH MHATRE MARG
197	P.M.G.P.ROAD
198	RAJENDRA NAGAR MARG
199	VASANJI LALJI MARG
200	JIVA MAHALE MARG
201	JAWAHARLAL NEHRU MARG
202	VALLABH MARG
203	DR.DALVI MARG
204	BAJAJ MARG
205	HANUMAN ROAD
207	V.S.KHANDEKAR MARG
209	BARFIWALA LANE
210	HARIDAS NAGAR MARG
211	MAHARSHI DAYANAND SARASWATI MARG
212	7TH ROAD
213	GOLIBAR MARG
214	FILM CITY MARG
215	V.K.KRISHNA MENON MARG
217	SLAUGHTER HOUSE MARG
219	DR.N.A.PURANDARE MARG
220	DHONDOPANT RAMJI VARASKAR MARG
221	SANT MUKTABAI MARG
222	ANANT KANEKAR MARG
223	AYYAPA MANDIR MARG
224	R.B.MEHTA MARG
225	BARKATALI DARGAH MARG
228	N.M.JOSHI MARG
229	CENTRAL AVENUE MARG
230	VEERA DESAI ROAD
231	JERBAI WADIA MARG
232	SHIVJIBHAI DEVSHI MARG
233	EAST MARG
235	WALKESHWAR MARG
236	HEMU KALANI MARG NO.4
237	PRATAP NAGAR MARG
238	SANT NAMDEO MAHARAJ MARG
239	KALBADEVI MARG
240	DR.ERNEST BORGES MARG
242	SHAMRAO PARULEKAR MARG
243	DADABHAI ROAD
244	SHAHAJI RAJE MARG
245	J.L.SHIRSEKAR MARG
246	PANDURANG BUDHKAR MARG
247	BAPURAO JAGTAP MARG
248	S.G.BARVE MARG
249	BHULABHAI DESAI MARG
250	MAHATMA GANDHIGRAM MARG
251	BORIVLI RLY.COMPOUND ROAD
252	BABANRAO KULKARNI MARG
253	MIRZA GALIB MARG
254	N.S.MANKIKAR MARG
255	I.C.COLONY MARG
256	HAY BUNDER MARG
257	NATHALAL PAREKH MARG
258	CHHATRAPATI SHIVAJI MARG
259	GUJARAT SOCIETY MARG
260	AKURLI MARG
261	LAXMIBAI JAGMOHANDAS MARG
262	RAMKRISHNA MISSION MARG
263	GOKHALE MARG
264	LAXMAN BHANDARI MARG
265	DATTA MANDIR MARG
266	RAILWAY POLICE COLONY RD
267	RAJA RAMMOHAN ROY MARG
269	OLD NAGARDAS MARG
270	NEW NAGARDAS MARG
271	KRANTIVEER LAHUJI SALVE MARG
272	MUNICIPAL COLONY MARG
273	DYNALOG CO.MARG
274	LALA LAJPATRAI MARG
275	KESHAVRAO KHADEY MARG
276	CHIKOOWADI MARG
277	SHIMPOLI MARG
279	APPASAHEB MARATHE MARG
280	SHIVSHRUSTI MARG
281	APPAPADA ROAD
283	JOHN BAPTIST ROAD
284	MANJAREKAR MARG
285	ACHARYA DONDE MARG
286	BHATANKAR MARG
288	SANT SAWATA MARG
289	CHAKALA MARG
290	MULUND-AIROLI BRIDGE MARG
291	JIJIBHAI LANE
292	BORSA PADA MARG
293	SANT DNYANESHWAR MARG
294	KASTURBA MARG NO.1
295	GANPATRAO KADAM MARG
296	DERASAR LANE
297	TAKANDAS KATARIA MARG
298	NETAJI SUBHASHCHANDRA BOSE MARG
299	PRIME MINISTER GRANT PROJECT MARG
300	SANT ROHIDAS MARG
301	APPASAHEB SIDHAYE MARG
302	MILLAT NAGAR D.P.ROAD
303	DIVA KOLIWADA MARG
304	M.D.NAIK MARG
305	KARMAVEER BHAURAO PATIL MARG
306	SAYANI MARG
307	KAKASAHEB GADGIL MARG
309	AHILYABAI HOLKAR MARG
310	BAJI PASALKAR MARG
311	NARI SEVASADAN MARG
312	SANT KABIR MARG
313	DR.E.MOSES MARG
314	BAYARAM JIJIBHOY MARG
315	CEASAR MARG
316	LADY JAHANGIR MARG
317	DR.R.G.THADANI MARG
318	RIDGE STREET
319	FOUR BUNGALOWS MARG
320	LAXMAN UMAJI GADKARI MARG
321	PANDURANG RAMADE MARG
322	GAONDEVI MARG
323	PANDITA RAMABAI MARG
324	VASUDEO BALWANT PHADKE MARG
325	NORTH AVENUE MARG
326	LAXMAN S.RAHEJA MARG
327	VASANTDADA PATIL MARG
328	JETHALAL PAREKH MARG
329	GHODBUNDER VILLAGE MARG
330	N.S.PHADKE MARG
331	THAKUR COMPLEX MARG
332	MADAM CAMA MARG
333	DR.KESHAV BALIRAM HEDGEWAR MARG
334	NAUSHIR BHARUCHA MARG
335	CAWASJI PATEL MARG
336	SHANTIVAN MARG(NANCY COLONY)
337	DR.MUKUNDRAO AMBEDKAR MARG
338	ROAD NO.32 (SION)
339	DATTARAM LAD MARG
340	HANUMAN MANDIR MARG
341	KHOT MARG
342	JAI MATAJI MARG
343	LAKHAMSI NAPOO MARG
344	GIGARAM NAGPAL MARG
345	FOREST STREET MARG
346	ORCHID AVENUE MARG
347	KIROL MARG
348	HOLY CROSS MARG
349	BALAJI PARSHURAM MARG
350	DR.HOMI MODI MARG
351	SIGNAL HILL AVENUE MARG
352	GAWANPADA MARG
353	MAHARSHI KARVE MARG
354	V.V.SHIRWADKAR MARG
355	ISHWARBHAI PATEL MARG
356	DHARAVI- BANDRA LINK ROAD
357	ROAD NO.16 (MAHESHWARI NAGAR)
358	ROAD NO.7 (MAHESHWARI NAGAR)
359	TOKARSEE JIVARAJ MARG
360	SHRIKANT KESHAV HADKAR MARG
361	PURUSHOTTAM KHERAJ MARG
362	OLD MILITARY MARG
363	SIR EBRAHIM RAHIMTULLA MARG
364	NANABHAI MOOS MARG
365	BALWANTSINGH DHODI MARG
366	MELET BUNDER MARG
367	JACKERIA BUNDER MARG
368	YUSUF MEHERALI MARG
369	SANT NARSEE MEHTA MARG
370	GANJAWALA MARG
372	R.B.KADAM MARG
373	BAPU KHOTE MARG
374	KURLA - ANDHERI MARG
375	DR.GOPALRAO DESHMUKH MARG
376	JAWAHARLAL NEHRU MARG NO.2
377	ANAND NAGAR MARG
378	BANDRA LINK ROAD
379	JEEVAN BIMA MARG
380	SADHU VASWANI MARG
381	SASMIRA MARG
382	M.T.N.L.MARG
383	JUNGLESHWAR MAHADEO MANDIR MARG
384	J.TATA MARG
385	DR.S.S.RAO MARG
386	AERODROME MARG
387	BAL GANGADHAR KHER MARG
388	LAXMAN MHATRE MARG
389	KAMLA NEHRU MARG
390	KANJURMARG STATION MARG
391	CAVASJI PATEL MARG
392	BAL RAJESHWARI MARG
393	KHOT KUNWA MARG
394	KURAR VILLAGE MARG
396	GEN.JAGNNATH BHOSLE MARG
397	MAMLETDAR WADI MARG
398	DR.ANANDRAO B.NAIR MARG
399	SWAMI DNYAN JEEVANDAS MARG
400	HIRACHAND DESAI MARG
401	JAHANGIR BOMAN BEHRAM MARG
402	SAROJINI NAIDU MARG
403	LALA DEVIDAYAL MARG
404	DINDAYAL UPADHYAY MARG
405	DADASAHEB PHALKE MARG
406	REBELLO MARG
407	POCHKHANWALA MARG
408	MALLET BUNDER CROSS MARG
409	NAWAB TANK MARG
410	WADALA-SEWREE MARG NO.26
411	JANARDHAN KESHAV NIVALEKAR MARG
412	MINT MARG
413	SUBHASH MARG
414	DADOJI KONDDEO MARG
415	E.S.PATANWALA MARG
416	K.D.MARG
417	R.PARMESHWARAN MARG
418	PURANMAL SINGHANI MARG
419	JAY SHANKAR YADNIK MARG
420	NANA PHADANVIS FLY OVER BRIDGE
421	MAHADEO PALAV MARG
422	KATRAK MARG
423	DAVID.S.BARRETTO MARG
424	KARYALAYA MARG
425	HEMANT MANJREKAR MARG
426	JANPATH MARG
427	KALE MARG
428	VIHAR LAKE MARG
429	CHAKPAL LILADHAR KARIYA MARG
430	TREEMURTI MARG
431	VAIKUNTHLAL MEHTA MARG
432	KAMALAKARPANT WALAWALKAR MARG
433	PRABODHANKAR KRIDA BHAVAN MARG
434	JAVJI DADAJI MARG
435	NARAYAN DABHOLKAR MARG
436	CARDINAL GRACIOUS MARG
437	BAPUSAHEB DHAKU SAWANT MARG
438	KASTURBA MARG NO.7
439	KAPADIA MARG
440	RAMCHANDRA BHAT MARG
442	FORT MARG
443	SAIBABA MARG
444	RAMNATH GOENKA MARG
445	BARFIWALA MARG
446	SHIVDAS CHAPSI MARG
447	WADALA MARG NO.37
448	MUMBAI TAMIL SANGH MARG
449	ROAD NO.16 (SION)
450	JAGANNATH BHATANKAR MARG
451	DR.MAISHERI MARG
452	SHARDADEVI MARG
453	R.S.NIMKAR MARG
454	BHANUSHANKAR YADGNIK MARG
455	TUKARAM BHIKAJI KADAM MARG
456	DR.BABASAHEB JAYKAR MARG
457	MOHAMAD SHAHID MARG
458	CHAPEL MARG
459	CHEMBUR ROAD NO.19
460	SANDU MARG
461	BHAUDAJI MARG
462	DIMTIMKAR MARG
464	KANU DESAI MARG
465	KHERANI MARG
466	VIDHAN BHAVAN MARG
467	SOPHIA ZUBER MARG
468	SHETH MOTISHAH MARG
469	VIKHROLI STATION MARG
470	TERMINAL BLDG.
471	"B" CROSS ROAD
472	HORMASJI EDANWALA MARG
473	MANCHARJI JOSHI MARG
474	BEHRAM BAUG MARG
475	FIROJ GODREJ MARG
476	DR.RAMAKANT DESHMUKH MARG
477	ROKADIA MARG
478	CHINCHOLI BUNDER MARG
479	INDRAVADAN OZA MARG
480	MITHA NAGAR MARG
481	SHELL COLONY MARG
482	DUMPING RAOD
483	MATA RAMABAI MARG
484	VISHWESHWAR NAGAR MARG
485	A.PATWARDHAN MARG
486	RAHEJA ROAD
487	G.JOLLY MARG
488	NARSI MEHTA MARG
489	THAKKAR BAPPA COLONY MARG
490	FREE PRESS JOURNAL MARG
491	BARRISTER RAJNI PATEL MARG
492	VINAY K.SHAH MARG
493	COSMOPOLITAN EDU.SOC.MARG
494	SHAIK SAIFUDDIN MARG
495	R.G.RESIDENTS ASSOCIATION MARG
496	CENTRAL ROAD
497	CHHATRAPATI SHIVAJI TALAO MARG
498	MILITARY CAMP MARG
499	RAMCHANDRA KRISHNAJI PATKAR MARG
500	WATERFIELD MARG
501	SIR ALIYAWAR JUNG MARG(SERVICE RD)
502	ANAND NAGAR LINK ROAD
503	N.L.COMPLEX MARG
504	NARVIR TANAJI MALUSARE MARG
505	SHYAM NARAYAN DUBEY MARG
506	SONAWALA MARG
507	SUHASINI PAWSKAR MARG
508	RAJE SHAHAJI MARG
509	SHYAM NARAYAN THAKUR MARG
510	VASHI RAILWAY STATION ROAD
511	VIJAY VITHAL SALSINGIKAR MARG
512	JAIWANT SAWANT MARG(BORIVLI-W)
513	YARI ROAD MARG
514	BHAILAL ZAVERBHAI PATEL MARG
515	SAINATH CROSS ROAD
516	PARSI PANCHAYAT MARG
517	JANARDHAN KRISHNA KARMALKAR MARG
518	MANCHUBHAI MARG
519	KADSHIDDHESHWAR MARG
520	HANSRAJ MARG
521	JAY PRAKASH MARG NO.2
522	UNDERAI MARG
523	AMARSI MARG
524	LIBERTY GARDEN CROSS MARG
525	LIBERTY GARDEN MARG
526	BAJAJ CROSS MARG
527	VITHALDAS THAKARSEE MARG
528	INDIAN MERCHANT CHAMBER MARG
529	CONN.RD MAHAPE NAKA-ELECTRONIC ZONE
530	MILLENNIUM BUSINESS PARK MARG
531	ABDUL RAHEMAN STREET
532	D.P.ROAD
533	NEW LINK ROAD
534	SHAHIR KISAN KHARAT MARG(ROAD NO.4)
535	RAMBHAU BHOGALE MARG
536	BHASKAR BHOPI MARG
537	CONN.ROAD EVERSHINE NAGAR
538	MARVE ROAD
539	R.C.F.MARG
540	BHARAT PETROLEUM MARG
541	AIR INDIA QTRS RD
542	GEN ARUNKUMAR VAIDYA MARG
543	MAHUL MARG
544	90FT ROAD( SHIVSHRUSTI)
545	J.K.KARMALKAR MARG(TILAK NAGAR MRG)
546	CHUNABHATTI STATION ROAD
547	CARTER ROAD
548	TELANG ROAD
549	BHANDARKAR MARG
550	MUTHU RAMLINGAM THEVAR MARG
551	TILAK MARG
552	JUHU MARG
553	P.V.AVSARE MARG
554	GOVIND PATIL MARG
555	JANARDHAN S. GHAG MARG
556	S.L.RAHEJA HOSPITAL MARG
557	UNION PARK MARG
558	16TH & 17TH ROAD
559	JAISHANKAR YADNIK MARG
560	MAJ. PARMESHWARAN ROAD
561	RAMMILAN SHUKLA MARG
562	VIDYALANKAR MARG
563	BALASAHEB DEORAS MARG(S.SAMARTH NGR
564	BALASAHEB DEVRAS MARG
565	PURUSHOTTAMDAS TANDON MARG
566	RAM MANDIR MARG (GOREGAON-W)
567	RELIEF ROAD (DAULATNAGAR)
568	CLIFE AVENUE MARG
569	L.I.C.COLONY MARG
570	SHIMPOLI-GORAI MARG
571	R.S.C.1-A MARG(GORAI-1)
572	R.S.C.5 MARG(GORAI)
573	LINK ROAD (DON BOSCO-BORIVLI-W)
574	KHADAKPADA MARG
575	KHADAKPADA MARG(WAGHESHWARI MANDIR)
576	SAKHARAM BUWA PATIL MARG
577	CAPTAN ATTMARAM SURVE MARG
578	SHIVSAGAR RAMGULARAM MARG
579	SANT VEER SHIV MAHARAJ KAKAIYA MARG
580	NEW ENGLISH SCHOOL MARG
581	FOSBERI MARG(REAY ROAD=E)
582	UMA MAHESHWARI MARG
583	BALKRISHNA GOKHALE MARG(MULUND-E)
584	BHAKTI MARG (MULUND-W)
585	SARVICE ROAD
586	DAFTARI MARG
587	C.V.RAMAN MARG
588	JASMINE MILL MARG
589	MAHARSHI VALMIKI MARG
590	MAHISHASUR MARDINI MARG
591	DEVIDAS MARG
592	MAMLETDAR WADI MARG NO.1
593	VIJAY NAGAR FLYOVER BRIDGE
594	WALJI LADHA MARG
595	SANMAN SINGH MARG
596	SAKHARAM LANJEKAR MARG
597	GANDHINAGAR LINK ROAD
598	LINK ROAD (KANDIVLI-W)
599	VEGETABLE MARKET LANE(BANDRA-E)
600	SHIVNERI VASAHAT MARG(MODEL TOWN)
601	CAMA MARG
602	LIBERTY GARDEN MARG EXTENSION
603	BHAYANDER PHATAK ROAD
604	BHAYANDER STATION ROAD
605	B.PATIL MARG(BHAYANDER-E)
606	GODDEV- NAVGHAR MARG
607	CONN.ROAD- BORSA PADA MARG
608	LINK ROAD (BORIVLI-W)
609	HANSBHUGRA MARG
610	V.V.RAO ROAD
611	TIPU SULTAN MARG
612	MUMBAI SAMACHAR MARG
613	K.DUBHASH MARG
614	MAHATMA GANDHI MARG NO.2
615	SHANTILAL MODI MARG
616	MOHAN GOKHALE MARG
617	RAM JOSHI MARG(BHATWADI
618	CHHATRAPATI SHIVAJI MARG NO.6(NL CO
619	MOULANA ASAD MADNI MARG
620	PATEL ESTATE MARG
621	HAZI ZAHUR AHMED QUERESHI MARG
622	OSHIWARA UDYAN MARG
623	BHAKTI PARK MARG
624	POISAR GYMKHANA MARG
625	HYDERABAD ESTATE
626	L.D.RUPAREL MARG
627	GOLWALKAR GURUJI MARG (GHATKOPAR-E)
628	VIDYA BHAVAN MARG(GARODIA NAGAR)
629	SHANTI PATH LANE(GHATKOPAR-E)
630	HARI OM NAGAR MARG
631	KALPANA CHAWLA MARG
632	MOTIRAM MHATRE MARG
633	ADI SHANKARACHARYA MARG(NERUL)
634	FITWALA MARG
635	BALASHETH MADURKAR MARG
636	KULUPWADI MARG
637	SOUTH AVENU ROAD
638	M.D.KENI MARG
639	ISMAIL YUSUF MARG
640	MAHALAXMI MANDIR MARG
641	SHAMALDAS GANDHI MARG
642	LOKHANWALA MARG
643	K.T.SONI MARG
644	SAMAJ SANGHATAK DAMUANNA DATE MARG
645	GHODBUNDER ROAD
646	PRABODHANKAR THAKRE MARG(THANE-E)
647	WAMANRAO MAHADIK MARG
648	C.G.S.ROAD
649	VALLABH MARG EXTENSION
650	C.S.T.ROAD
651	DATTAJI SALVI MARG(ANDHERI-W)
652	CEMENT COMPANY ROAD
653	WADALA TRUCK TERMINAL MARG
654	GONSALVIS MARG(BANDRA-W)
655	90 FT.ROAD(SANSKRITI APTS)
656	CRISTAN LANE
657	SANT JANABAI MARG
658	ANANT WAMAN VARTAK MARG
659	KRISHNALAL MARVA MARG
660	TUNGA MARG
661	KHARGHAR STN.ROAD
662	SION-PANVEL MARG
663	MUMBAI-PUNE ROAD
664	NIKAM GURUJI MARG
665	WAGLE ESTATE MAIN ROAD
666	ROAD NO.22 (WAGLE ESTATE-THANE)
667	90 FT.ROAD (BHAYANDER-W)
668	PHATAK ROAD
669	STATION ROAD
670	SHRIKANT DHARVE MARG
671	90 FT.ROAD (MIRA ROAD)
672	MAHVIR NAGAR ROAD
673	MAHAVIR NAGAR ROAD
674	JAIWANT SAWANT /RAGHUNATH MHATRE RD
675	KAI.BHAVJI ODHAVJI MARG/PENKAR PADA
676	PALM BEACH ROAD
677	RAJIV GANDHI MARG
678	JUINAGAR MARG
679	NATYA KALAVANT TRIMBAK TANDEL MARG
680	PALM BEACH-SANPADA BRIDGE ROAD
681	SANT DNYANESHWAR MAHARAJ MARG
682	RAMESH SHANKAR HEBBARE MARG
683	SIDDHARTHA NAGAR MARG
684	RELIEF ROAD (OSHIWARA)
685	THKUR VILLAGE EXTENSION ROAD
686	GANPATRAO CHOGLE MARG
687	AIROLI MARG
688	GHANSOLI STN.ROAD
689	KURAR VILLAGE EXTENSION ROAD
690	HARISHCHANDRA DADU KOPARKAR MARG
691	SADANAND PARKAR MARG
692	WIRELESS MARG
693	CHHATRAPATI SHIVAJI MAHARAJ MARG
694	BANDRA WORLI SEA LINK ROAD
695	FAKIRJI GANESHJI NAIK MARG
696	VRINDAVAN MARG
697	MATHEW ROAD
698	ROYAL COMPEX D.P.ROAD
699	OLD MUMBAI-PUNE MARG
700	MAINTENANCE ROAD
701	OLD AGRA ROAD
702	KOTESHWARI MANDIR MARG
703	AAREY BHASKAR MARG
704	SHANKAR LANE
705	TANK ROAD (ORLEM)
706	APPASAHEB PENDSE MARG
707	RAMBHAU MHALGI MARG
708	MAHAPE-SHILPHATA MARG
709	NEW GHODBUNDER MARG
710	NEW MILL ROAD(KURLA)
711	MAGAN MATHURAM MARG
712	S.SHETTY MARG/V.K.K.MENON MARG
713	HEMU KALANI MARG NO.3
714	MATHURADAS MARG
715	MANGUBHAI DATTANI MARG
716	HEMU KALANI MARG
717	SARNOBAT PRATAPRAO GUJAR MARG
718	CHIKHALADEVI MANDIR MARG
719	KARISHCHANDRA RAWOOL MARG
720	SAMAJ SEVAK RAJU BADEKAR MARG
721	BUNDER PAKHADI MARG
723	DHARAVI MANDIR MARG
724	MASHACHA PADA MARG
725	GLADYS ALWARES ROAD
726	POKHARAN ROAD NO.2
727	D.P.ROAD(BUNDER PAKHADI)
728	SHRI ARBINDO MARG
729	DEEPNARAYAN DUBE MARG
730	DAULAT NAGAR MARG NO.10
731	DAULAT ANAGAR NO.4
732	MARVA ROAD
733	AYAPPA MANDIR MARG
734	GANESHGHAT MARG
735	UTTAN MARG
736	GORAI CREEK MARG
737	ESSEL WORLD MARG
738	HAVELI FLYOVER BRIDGE ROAD
739	NAVROJI LANE(GHATKOPAR-W)
740	M.M.R.D.A.INTERIOR ROAD
741	MOULANA SHOUKATALI MARG
742	HEY BUNDER
743	BAFIRA NAGAR
744	JAMIYA RAHMANIYA MARG.
745	SANMAN MARG
746	SHANKARRAO NARAM MARG
747	DADASAHEB REGE MARG
748	PENINSULA PARK JUNCTION
749	RAMLAL SINGH YADAV CHK.
750	T.S.SATAM CHK.
751	TRIKAMDAS MARG
752	JAMANADAS ADUKIA MARG
753	BUNTARA BHAVAN MARG
754	TERMINUS
755	ROAD NO 16 WAGLE ESTATE (THANE -W)
756	ROAD NO 33 LOKMANYA NAGAR
757	POKHARAN ROAD NO 1
758	KASHIMIRA
759	M.I.D.C. MARG
760	B.D.PATIL MARG
761	LAGUN ROAD (MALVANI)
762	R.W.SAWANT MARG
763	KAPADIYA MARG
