<class 'mumbai.models.DoesNotExist'>['27', '\xe0\xa4\xb6\xe0\xa4\xbf\xe0\xa4\x82\xe0\xa4\xa6\xe0\xa5\x87 \xe0\xa4\xb5\xe0\xa4\xbe\xe0\xa4\xa1\xe0\xa4\xbf']
<class 'mumbai.models.DoesNotExist'>['104', '\xe0\xa4\xb8\xe0\xa4\x82\xe0\xa4\xa4 \xe0\xa4\xb8\xe0\xa4\xbe\xe0\xa4\xb5\xe0\xa4\xa4\xe0\xa4\xbe \xe0\xa4\xae\xe0\xa4\xbe\xe0\xa4\xb0\xe0\xa5\x8d\xe0\xa4\x95\xe0\xa5\x87\xe0\xa4\x9f']
<class 'mumbai.models.DoesNotExist'>['162', '\xe0\xa4\x95\xe0\xa5\x81\xe0\xa4\xb0\xe0\xa5\x8d\xe0\xa4\xb2\xe0\xa4\xbe \xe0\xa4\x8f\xe0\xa4\xb8. \xe0\xa4\x9f\xe0\xa5\x80. \xe0\xa4\x86\xe0\xa4\x97\xe0\xa4\xbe\xe0\xa4\xb0']
<type 'exceptions.IndexError'>[]
<type 'exceptions.IndexError'>[]
<class 'mumbai.models.DoesNotExist'>['212', '\xe0\xa4\xb5\xe0\xa4\xa1\xe0\xa4\xbe\xe0\xa4\xb3\xe0\xa4\xbe (\xe0\xa4\xaa\xe0\xa5\x82)']
<class 'mumbai.models.DoesNotExist'>['313', '\xe0\xa4\xb8\xe0\xa4\xae\xe0\xa4\xbe\xe0\xa4\x9c \xe0\xa4\xae\xe0\xa4\x82\xe0\xa4\xa6\xe0\xa4\xbf\xe0\xa4\xb0 \xe0\xa4\xb9\xe0\xa5\x89\xe0\xa4\xb2 \xe0\xa4\xaa\xe0\xa5\x8d\xe0\xa4\xb0\xe0\xa4\xa4\xe0\xa4\xbf\xe0\xa4\x95\xe0\xa5\x8d\xe0\xa4\xb7\xe0\xa4\xbe \xe0\xa4\xa8\xe0\xa4\x97\xe0\xa4\xb0']
<class 'mumbai.models.DoesNotExist'>['450', '\xe0\xa4\xaa\xe0\xa5\x81\xe0\xa4\xa8\xe0\xa4\xae \xe0\xa4\x9a\xe0\xa5\x87\xe0\xa4\x82\xe0\xa4\xac\xe0\xa4\xb0 / \xe0\xa4\xb6\xe0\xa4\xbf\xe0\xa4\xb5\xe0\xa4\xb8\xe0\xa4\xbe\xe0\xa4\x97\xe0\xa4\xb0 \xe0\xa4\x87\xe0\xa4\xb8\xe0\xa5\x8d\xe0\xa4\x9f\xe0\xa5\x87\xe0\xa4\x9f']
<class 'mumbai.models.DoesNotExist'>['457', '\xe0\xa4\x9c\xe0\xa4\xb0\xe0\xa5\x80 \xe0\xa4\xae\xe0\xa4\xb0\xe0\xa5\x80 \xe0\xa4\xae\xe0\xa4\x82\xe0\xa4\xa6\xe0\xa4\xbf\xe0\xa4\xb0']
<class 'mumbai.models.DoesNotExist'>['462', '\xe0\xa4\xa6\xe0\xa4\xa4\xe0\xa5\x8d\xe0\xa4\xa4\xe0\xa4\xbe \xe0\xa4\x85\xe0\xa4\xaa\xe0\xa4\xbe\xe0\xa4\xb0\xe0\xa5\x8d\xe0\xa4\x9f\xe0\xa4\xae\xe0\xa5\x87\xe0\xa4\x82\xe0\xa4\x9f']
<class 'mumbai.models.DoesNotExist'>['463', '\xe0\xa4\xb0\xe0\xa4\xbe\xe0\xa4\x9c\xe0\xa5\x87\xe0\xa4\xb6 \xe0\xa4\x96\xe0\xa4\xa8\xe0\xa5\x8d\xe0\xa4\xa8\xe0\xa4\xbe \xe0\xa4\x97\xe0\xa4\xbe\xe0\xa4\xb0\xe0\xa5\x8d\xe0\xa4\xa1\xe0\xa4\xa8']
<class 'mumbai.models.DoesNotExist'>['533', '\xe0\xa4\x86\xe0\xa4\x88 \xe0\xa4\xa4\xe0\xa5\x81\xe0\xa4\xb3\xe0\xa4\x9c\xe0\xa4\xbe\xe0\xa4\xad\xe0\xa4\xb5\xe0\xa4\xbe\xe0\xa4\xa8\xe0\xa5\x80 \xe0\xa4\x9a\xe0\xa5\x8c\xe0\xa4\x95 / \xe0\xa4\xb2\xe0\xa5\x8b\xe0\xa4\x96\xe0\xa4\x82\xe0\xa4\xa1\xe0\xa4\xb5\xe0\xa4\xbe\xe0\xa4\xb2\xe0\xa4\xbe \xe0\xa4\x95\xe0\xa5\x89\xe0\xa4\xae\xe0\xa5\x8d\xe0\xa4\xb2\xe0\xa5\x8d\xe0\xa4\xaa\xe0\xa5\x87\xe0\xa4\x95\xe0\xa5\x8d\xe0\xa4\xb8']
<class 'mumbai.models.DoesNotExist'>['690', '\xe0\xa4\x96\xe0\xa4\xbe\xe0\xa4\x82\xe0\xa4\xac\xe0\xa5\x87\xe0\xa4\x95\xe0\xa4\xb0 \xe0\xa4\xb0\xe0\xa4\xb8\xe0\xa5\x8d\xe0\xa4\xa4\xe0\xa4\xbe']
<class 'mumbai.models.DoesNotExist'>['768', '\xe0\xa4\xad\xe0\xa4\xbe\xe0\xa4\xb0\xe0\xa4\xa4 \xe0\xa4\xaa\xe0\xa5\x87\xe0\xa4\x9f\xe0\xa5\x8d\xe0\xa4\xb0\xe0\xa5\x8b\xe0\xa4\xb2\xe0\xa5\x80\xe0\xa4\xaf\xe0\xa4\xae \xe0\xa4\xb6\xe0\xa4\xbf\xe0\xa4\xb5\xe0\xa4\xa1\xe0\xa5\x80']
<class 'mumbai.models.DoesNotExist'>['773', '\xe0\xa4\x87.\xe0\xa4\x8f\xe0\xa4\xb8.\xe0\xa4\xaa\xe0\xa4\x9f\xe0\xa4\xbe\xe0\xa4\xa8\xe0\xa4\xb5\xe0\xa4\xbe\xe0\xa4\xb2\xe0\xa4\xbe \xe0\xa4\xae\xe0\xa4\xbe\xe0\xa4\xb0\xe0\xa5\x8d\xe0\xa4\x97']
<class 'mumbai.models.DoesNotExist'>['774', '\xe0\xa4\xae\xe0\xa4\xb9\xe0\xa4\xbe\xe0\xa4\xa8\xe0\xa4\x97\xe0\xa4\xb0\xe0\xa4\xaa\xe0\xa4\xbe\xe0\xa4\xb2\xe0\xa5\x80\xe0\xa4\x95\xe0\xa4\xbe \xe0\xa4\xb6\xe0\xa4\xbe\xe0\xa4\xb3\xe0\xa4\xbe \xe0\xa4\x95\xe0\xa4\xbe\xe0\xa4\xb3\xe0\xa4\xbe \xe0\xa4\x9a\xe0\xa5\x8c\xe0\xa4\x95\xe0\xa5\x80']
<class 'mumbai.models.DoesNotExist'>['804', '\xe0\xa4\xb8\xe0\xa4\xbe\xe0\xa4\x96\xe0\xa4\xb0 \xe0\xa4\xad\xe0\xa4\xb5\xe0\xa4\xa8']
<class 'mumbai.models.DoesNotExist'>['828', '\xe0\xa4\xa4\xe0\xa4\xbe\xe0\xa4\xa1\xe0\xa4\xa6\xe0\xa5\x87\xe0\xa4\xb5 \xe0\xa4\xaa\xe0\xa5\x81\xe0\xa4\xb2']
<class 'mumbai.models.DoesNotExist'>['832', '\xe0\xa4\xb5\xe0\xa4\xa8\xe0\xa5\x80\xe0\xa4\xa4\xe0\xa4\xbe \xe0\xa4\xb8\xe0\xa4\xae\xe0\xa4\xbe\xe0\xa4\x9c / \xe0\xa4\x9a\xe0\xa5\x88\xe0\xa4\xa4\xe0\xa5\x8d\xe0\xa4\xaf \xe0\xa4\xad\xe0\xa5\x82\xe0\xa4\xae\xe0\xa5\x80']
<class 'mumbai.models.DoesNotExist'>['881', '\xe0\xa4\xae\xe0\xa4\xa6\xe0\xa4\xa8 \xe0\xa4\xaa\xe0\xa5\x81\xe0\xa4\xb0\xe0\xa4\xbe']
<class 'mumbai.models.DoesNotExist'>['884', '\xe0\xa4\xb8\xe0\xa5\x85\xe0\xa4\xb2\xe0\xa5\x8d\xe0\xa4\xb5\xe0\xa5\x8d\xe0\xa4\xb9\xe0\xa5\x87\xe0\xa4\xb6\xe0\xa4\xa8 \xe0\xa4\x86\xe0\xa4\xb0\xe0\xa5\x8d\xe0\xa4\xae\xe0\xa5\x80 \xe0\xa4\xa8\xe0\xa4\xbe\xe0\xa4\x97\xe0\xa4\xaa\xe0\xa4\xbe\xe0\xa4\xa1\xe0\xa4\xbe']
<class 'mumbai.models.DoesNotExist'>['885', '\xe0\xa4\x86\xe0\xa4\x97\xe0\xa5\x8d\xe0\xa4\xb0\xe0\xa5\x80\xe0\xa4\xaa\xe0\xa4\xbe\xe0\xa4\xa1\xe0\xa4\xbe']
<class 'mumbai.models.DoesNotExist'>['939', '\xe0\xa4\xb9\xe0\xa4\xbf\xe0\xa4\x82\xe0\xa4\xa6\xe0\xa5\x81 \xe0\xa4\xb5\xe0\xa4\xb8\xe0\xa4\xbe\xe0\xa4\xb9\xe0\xa4\xa4']
<class 'mumbai.models.DoesNotExist'>['964', '\xe0\xa4\xad\xe0\xa5\x81\xe0\xa4\x9f\xe0\xa5\x8d\xe0\xa4\x9f\xe0\xa4\xbe \xe0\xa4\x9f\xe0\xa5\x89\xe0\xa4\xb5\xe0\xa4\xb0']
<class 'mumbai.models.DoesNotExist'>['1134', '\xe0\xa4\xae\xe0\xa5\x81\xe0\xa4\x82\xe0\xa4\xac\xe0\xa4\x88 \xe0\xa4\x9c\xe0\xa5\x80\xe0\xa4\xae\xe0\xa4\x96\xe0\xa4\xbe\xe0\xa4\xa8\xe0\xa4\xbe']
<class 'mumbai.models.DoesNotExist'>['1163', '\xe0\xa4\x9c\xe0\xa4\x82\xe0\xa4\xac\xe0\xa5\x8b \xe0\xa4\xa6\xe0\xa4\xb0\xe0\xa5\x8d\xe0\xa4\xb6\xe0\xa4\xa8']
<class 'mumbai.models.DoesNotExist'>['1244', '\xe0\xa4\xae\xe0\xa5\x81\xe0\xa4\xb2\xe0\xa5\x81\xe0\xa4\x82\xe0\xa4\xa1 \xe0\xa4\x9a\xe0\xa5\x87\xe0\xa4\x95 \xe0\xa4\xa8\xe0\xa4\xbe\xe0\xa4\x95\xe0\xa4\xbe \xe0\xa4\xac\xe0\xa4\xb8 \xe0\xa4\xb8\xe0\xa5\x8d\xe0\xa4\xa5\xe0\xa4\xbe\xe0\xa4\xa8\xe0\xa4\x95']
<class 'mumbai.models.DoesNotExist'>['1276', '\xe0\xa4\xaa\xe0\xa5\x81\xe0\xa4\xb7\xe0\xa5\x8d\xe0\xa4\xaa\xe0\xa4\xbe \xe0\xa4\xa8\xe0\xa4\xbe\xe0\xa4\xb0\xe0\xa4\xb8\xe0\xa5\x80 \xe0\xa4\x89\xe0\xa4\xa6\xe0\xa5\x8d\xe0\xa4\xaf\xe0\xa4\xbe\xe0\xa4\xa8']
<class 'mumbai.models.DoesNotExist'>['1317', '\xe0\xa4\x87.\xe0\xa4\x8f\xe0\xa4\xb8.\xe0\xa4\x86\xe0\xa4\xaf.\xe0\xa4\x8f\xe0\xa4\xb8 \xe0\xa4\xb2\xe0\xa5\x8b\xe0\xa4\x95\xe0\xa4\xb2 \xe0\xa4\x95\xe0\xa4\xbe\xe0\xa4\xb0\xe0\xa5\x8d\xe0\xa4\xaf\xe0\xa4\xbe\xe0\xa4\xb2\xe0\xa4\xaf \xe0\xa4\x95\xe0\xa4\xbe\xe0\xa4\x82\xe0\xa4\xa6\xe0\xa5\x80\xe0\xa4\xb5\xe0\xa4\xb2\xe0\xa5\x80']
<class 'mumbai.models.DoesNotExist'>['1321', '\xe0\xa4\x85\xe0\xa4\xb8\xe0\xa5\x8b\xe0\xa4\xb6\xe0\xa5\x80\xe0\xa4\x8f\xe0\xa4\x9f \xe0\xa4\x95\xe0\xa5\x85\xe0\xa4\xaa\xe0\xa5\x8d\xe0\xa4\xb8\xe0\xa5\x81\xe0\xa4\xb2 \xe0\xa4\x95\xe0\xa5\x8b.']
<class 'mumbai.models.DoesNotExist'>['1346', '\xe0\xa4\xaa\xe0\xa5\x87\xe0\xa4\x9f\xe0\xa4\xbf\xe0\xa4\x9f \xe0\xa4\x97\xe0\xa4\xb0\xe0\xa5\x8d\xe0\xa4\xb2\xe0\xa4\xb8 \xe0\xa4\xb8\xe0\xa5\x8d\xe0\xa4\x95\xe0\xa5\x82\xe0\xa4\xb2']
<class 'mumbai.models.DoesNotExist'>['1348', '\xe0\xa4\xae\xe0\xa4\xbe\xe0\xa4\xae\xe0\xa4\xbe \xe0\xa4\xb9\xe0\xa5\x8b\xe0\xa4\x9f\xe0\xa4\xb2']
<class 'mumbai.models.DoesNotExist'>['1363', '\xe0\xa4\x9c\xe0\xa5\x80\xe0\xa4\xb5\xe0\xa4\xa8 \xe0\xa4\xa8\xe0\xa4\x97\xe0\xa4\xb0']
<class 'mumbai.models.DoesNotExist'>['1390', '\xe0\xa4\x85\xe0\xa4\xb6\xe0\xa5\x8b\xe0\xa4\x95 \xe0\xa4\xb8\xe0\xa4\xad\xe0\xa4\xbe\xe0\xa4\x97\xe0\xa5\x8d\xe0\xa4\xb0\xe0\xa5\x81\xe0\xa4\xb9']
<class 'mumbai.models.DoesNotExist'>['1407', '\xe0\xa4\xa4\xe0\xa4\xbe\xe0\xa4\xb0\xe0\xa4\xbe\xe0\xa4\xaa\xe0\xa5\x8b\xe0\xa4\xb0\xe0\xa5\x87 \xe0\xa4\x89\xe0\xa4\xa6\xe0\xa5\x8d\xe0\xa4\xaf\xe0\xa4\xbe\xe0\xa4\xa8 (\xe0\xa4\xb6\xe0\xa4\xbe\xe0\xa4\x82\xe0\xa4\xa4\xe0\xa5\x80 \xe0\xa4\xb5\xe0\xa4\xa8)']
<class 'mumbai.models.DoesNotExist'>['1423', '\xe0\xa4\x86\xe0\xa4\x82\xe0\xa4\xac\xe0\xa5\x8b\xe0\xa4\xb3\xe0\xa5\x80 \xe0\xa4\x97\xe0\xa4\xbe\xe0\xa4\xb5']
<class 'mumbai.models.DoesNotExist'>['1444', '\xe0\xa4\xac\xe0\xa5\x80.\xe0\xa4\x87.\xe0\xa4\x8f\xe0\xa4\xb8. \xe0\xa4\xae\xe0\xa4\xb9\xe0\xa4\xbe\xe0\xa4\xb5\xe0\xa4\xbf\xe0\xa4\xa6\xe0\xa5\x8d\xe0\xa4\xaf\xe0\xa4\xbe\xe0\xa4\xb2\xe0\xa4\xaf']
<class 'mumbai.models.DoesNotExist'>['1461', '\xe0\xa4\xac\xe0\xa4\xbe\xe0\xa4\x82\xe0\xa4\x97\xe0\xa5\x81\xe0\xa4\xb0 \xe0\xa4\xa8\xe0\xa4\x97\xe0\xa4\xb0 \xe0\xa4\xb5\xe0\xa4\xbf\xe0\xa4\xa6\xe0\xa5\x8d\xe0\xa4\xaf\xe0\xa4\xbe \xe0\xa4\xad\xe0\xa4\xb5\xe0\xa4\xa8']
<class 'mumbai.models.DoesNotExist'>['1481', '\xe0\xa4\xa6\xe0\xa4\xbe\xe0\xa4\xa8\xe0\xa5\x80 \xe0\xa4\xb2\xe0\xa5\x8b\xe0\xa4\x96\xe0\xa4\x82\xe0\xa4\xa1-\xe0\xa4\xb8\xe0\xa5\x8d\xe0\xa4\x9f\xe0\xa5\x80\xe0\xa4\xb2 \xe0\xa4\x87\xe0\xa4\xb8\xe0\xa5\x8d\xe0\xa4\x9f\xe0\xa5\x87\xe0\xa4\x9f']
<class 'mumbai.models.DoesNotExist'>['1482', '\xe0\xa4\xaa\xe0\xa5\x8d\xe0\xa4\xb0\xe0\xa5\x87\xe0\xa4\xae\xe0\xa4\xbf\xe0\xa4\xaf\xe0\xa4\xb0 \xe0\xa4\xb2\xe0\xa4\xbe\xe0\xa4\x87\xe0\xa4\x9f\xe0\xa4\xa8\xe0\xa4\xbf\xe0\xa4\x82\xe0\xa4\x97 \xe0\xa4\x87\xe0\xa4\x82\xe0\xa4\xa1\xe0\xa4\xb8\xe0\xa5\x8d\xe0\xa4\x9f\xe0\xa5\x8d\xe0\xa4\xb0\xe0\xa4\xbf\xe0\xa4\x85\xe0\xa4\xb2 \xe0\xa4\x87\xe0\xa4\xb8\xe0\xa5\x8d\xe0\xa4\x9f\xe0\xa5\x87\xe0\xa4\x9f']
<class 'mumbai.models.DoesNotExist'>['1488', '\xe0\xa4\xb8\xe0\xa4\x82\xe0\xa4\xa4.\xe0\xa4\xaa\xe0\xa4\xbe\xe0\xa4\xaf\xe0\xa4\xb8 \xe0\xa4\x9a\xe0\xa4\xb0\xe0\xa5\x8d\xe0\xa4\xb0 \xe0\xa4\x97\xe0\xa5\x8b\xe0\xa4\xb0\xe0\xa5\x87\xe0\xa4\x97\xe0\xa4\xbe\xe0\xa4\xb5']
<class 'mumbai.models.DoesNotExist'>['1516', '\xe0\xa4\xae\xe0\xa4\xbe\xe0\xa4\xb0\xe0\xa5\x8d\xe0\xa4\xb5\xe0\xa5\x87/ \xe0\xa4\x8f\xe0\xa4\xb8\xe0\xa5\x8d\xe0\xa4\xb8\xe0\xa5\x87\xe0\xa4\xb2 \xe0\xa4\xb5\xe0\xa4\xb0\xe0\xa5\x8d\xe0\xa4\xb2\xe0\xa5\x8d\xe0\xa4\xa1']
<class 'mumbai.models.DoesNotExist'>['1572', '\xe0\xa4\xae\xe0\xa4\xb9\xe0\xa4\xbf\xe0\xa4\xa8\xe0\xa5\x8d\xe0\xa4\xa6\xe0\xa5\x8d\xe0\xa4\xb0\xe0\xa4\xbe \xe0\xa4\x95\xe0\xa4\x82\xe0\xa4\xaa\xe0\xa4\xa8\xe0\xa5\x80']
<class 'mumbai.models.DoesNotExist'>['1584', '\xe0\xa4\x8f\xe0\xa4\xae.\xe0\xa4\x8f\xe0\xa4\x9a.\xe0\xa4\xac\xe0\xa5\x80 \xe0\xa4\xaa\xe0\xa5\x8b\xe0\xa4\xb8\xe0\xa5\x8d\xe0\xa4\x9f \xe0\xa4\x95\xe0\xa4\xbe\xe0\xa4\xb0\xe0\xa5\x8d\xe0\xa4\xaf\xe0\xa4\xbe\xe0\xa4\xb2\xe0\xa4\xaf']
<class 'mumbai.models.DoesNotExist'>['1586', '\xe0\xa4\xaf\xe0\xa5\x8b\xe0\xa4\x97\xe0\xa5\x80 \xe0\xa4\xa8\xe0\xa4\x97\xe0\xa4\xb0']
<class 'mumbai.models.DoesNotExist'>['1589', '\xe0\xa4\x9c\xe0\xa4\xaf \xe0\xa4\xae\xe0\xa4\xb9\xe0\xa4\xbe\xe0\xa4\x95\xe0\xa4\xbe\xe0\xa4\xb2\xe0\xa5\x80  \xe0\xa4\xae\xe0\xa4\x82\xe0\xa4\xa6\xe0\xa5\x80\xe0\xa4\xb0']
<class 'mumbai.models.DoesNotExist'>['1592', '\xe0\xa4\x97\xe0\xa4\xbe\xe0\xa4\xb0\xe0\xa5\x8d\xe0\xa4\x9f\xe0\xa4\xa8 \xe0\xa4\xaa\xe0\xa4\xbe\xe0\xa4\xa1\xe0\xa4\xbe']
<class 'mumbai.models.DoesNotExist'>['1598', '\xe0\xa4\x9c\xe0\xa4\xaf \xe0\xa4\xae\xe0\xa4\xb9\xe0\xa4\xbe\xe0\xa4\xb0\xe0\xa4\xbe\xe0\xa4\xb7\xe0\xa5\x8d\xe0\xa4\x9f\xe0\xa5\x8d\xe0\xa4\xb0\xe0\xa4\xbe \xe0\xa4\xa8\xe0\xa4\x97\xe0\xa4\xb0']
<class 'mumbai.models.DoesNotExist'>['1604', '\xe0\xa4\xb8\xe0\xa4\x82\xe0\xa4\xa4\xe0\xa5\x8b\xe0\xa4\xb7\xe0\xa5\x80 \xe0\xa4\xae\xe0\xa4\xbe\xe0\xa4\xa4\xe0\xa4\xbe \xe0\xa4\xae\xe0\xa4\x82\xe0\xa4\xa6\xe0\xa5\x80\xe0\xa4\xb0']
<class 'mumbai.models.DoesNotExist'>['1605', '\xe0\xa4\x85\xe0\xa4\xa8\xe0\xa5\x81\xe0\xa4\xb0\xe0\xa4\xbe\xe0\xa4\x97 \xe0\xa4\xb8\xe0\xa5\x8b\xe0\xa4\xb8\xe0\xa4\xbe\xe0\xa4\xaf\xe0\xa4\x9f\xe0\xa5\x80']
<class 'mumbai.models.DoesNotExist'>['1613', '\xe0\xa4\x97\xe0\xa5\x8b\xe0\xa4\xb6\xe0\xa4\xbe\xe0\xa4\xb2\xe0\xa4\xbe \xe0\xa4\xb0\xe0\xa5\x8b\xe0\xa4\xa1']
<class 'mumbai.models.DoesNotExist'>['1614', '\xe0\xa4\x86\xe0\xa4\xb6\xe0\xa4\xbf\xe0\xa4\xb0\xe0\xa5\x8d\xe0\xa4\xb5\xe0\xa4\xbe\xe0\xa4\xa6 \xe0\xa4\x87\xe0\xa4\xae\xe0\xa4\xbe\xe0\xa4\xb0\xe0\xa4\xa4']
<class 'mumbai.models.DoesNotExist'>['1621', '\xe0\xa4\xae\xe0\xa4\xbf\xe0\xa4\xa8\xe0\xa5\x80 \xe0\xa4\xb2\xe0\xa4\x81\xe0\xa4\xa1']
<class 'mumbai.models.DoesNotExist'>['1655', '\xe0\xa4\xb9\xe0\xa5\x87 \xe0\xa4\xac\xe0\xa4\x82\xe0\xa4\xa6\xe0\xa4\xb0']
<class 'mumbai.models.DoesNotExist'>['1656', '\xe0\xa4\xb9\xe0\xa4\xbf\xe0\xa4\x82\xe0\xa4\xa6\xe0\xa5\x81\xe0\xa4\xb8\xe0\xa5\x8d\xe0\xa4\xa4\xe0\xa4\xbe\xe0\xa4\xa8 \xe0\xa4\xb2\xe0\xa4\xbf\xe0\xa4\xb5\xe0\xa5\x8d\xe0\xa4\xb9\xe0\xa4\xb0 (\xe0\xa4\xb0\xe0\xa5\x87 \xe0\xa4\xb0\xe0\xa5\x8b\xe0\xa4\xa1)']
<class 'mumbai.models.DoesNotExist'>['1657', '\xe0\xa4\x95\xe0\xa5\x8b\xe0\xa4\xb2 \xe0\xa4\xac\xe0\xa4\x82\xe0\xa4\xa6\xe0\xa4\xb0']
<class 'mumbai.models.DoesNotExist'>['1658', '\xe0\xa4\x97\xe0\xa4\xbe\xe0\xa4\xa1\xe0\xa5\x80 \xe0\xa4\x85\xe0\xa4\xa1\xe0\xa5\x8d\xe0\xa4\xa1\xe0\xa4\xbe']
<class 'mumbai.models.DoesNotExist'>['1699', '\xe0\xa4\x96\xe0\xa5\x87\xe0\xa4\xb0\xe0\xa4\xbe\xe0\xa4\xa8\xe0\xa5\x80 \xe0\xa4\xac\xe0\xa4\xbe\xe0\xa4\x97']
<class 'mumbai.models.DoesNotExist'>['1817', '\xe0\xa4\x9c\xe0\xa4\xaf \xe0\xa4\x97\xe0\xa4\xa3\xe0\xa5\x87\xe0\xa4\xb6 \xe0\xa4\x9f\xe0\xa5\x89\xe0\xa4\x95\xe0\xa4\xbf\xe0\xa4\x9c \xe0\xa4\xae\xe0\xa5\x81\xe0\xa4\xb2\xe0\xa5\x81\xe0\xa4\x82\xe0\xa4\xa1']
<class 'mumbai.models.DoesNotExist'>['1821', '\xe0\xa4\xac\xe0\xa5\x80.\xe0\xa4\x8f,\xe0\xa4\x86\xe0\xa4\xb0.\xe0\xa4\xb8\xe0\xa5\x80 (\xe0\xa4\x89\xe0\xa4\xa4\xe0\xa5\x8d\xe0\xa4\xa4\xe0\xa4\xb0 \xe0\xa4\xa6\xe0\xa4\xb0\xe0\xa4\xb5\xe0\xa4\xbe\xe0\xa4\x9c\xe0\xa4\xbe)']
<class 'mumbai.models.DoesNotExist'>['1822', '\xe0\xa4\xac\xe0\xa5\x80.\xe0\xa4\x8f,\xe0\xa4\x86\xe0\xa4\xb0.\xe0\xa4\xb8\xe0\xa5\x80  \xe0\xa4\x9f\xe0\xa5\x8d\xe0\xa4\xb0\xe0\xa5\x87\xe0\xa4\xa8\xe0\xa5\x80\xe0\xa4\x82\xe0\xa4\x97 \xe0\xa4\xb8\xe0\xa5\x8d\xe0\xa4\x95\xe0\xa5\x81\xe0\xa4\xb2']
<class 'mumbai.models.DoesNotExist'>['1823', '\xe0\xa4\x95\xe0\xa4\xaa\xe0\xa5\x80\xe0\xa4\xb2 \xe0\xa4\xb5\xe0\xa4\xbe\xe0\xa4\xb8\xe0\xa5\x8d\xe0\xa4\xa4\xe0\xa5\x81']
<class 'mumbai.models.DoesNotExist'>['1824', ' \xe0\xa4\x87\xe0\xa4\x82\xe0\xa4\xa6\xe0\xa5\x8d\xe0\xa4\xb0 \xe0\xa4\xaa\xe0\xa5\x8d\xe0\xa4\xb0\xe0\xa4\xb8\xe0\xa5\x8d\xe0\xa4\xa5']
<class 'mumbai.models.DoesNotExist'>['2006', '\xe0\xa4\xaa\xe0\xa5\x8d\xe0\xa4\xb0\xe0\xa5\x87\xe0\xa4\xae \xe0\xa4\xa8\xe0\xa4\x97\xe0\xa4\xb0 \xe0\xa4\x9c\xe0\xa5\x8b\xe0\xa4\x97\xe0\xa5\x87\xe0\xa4\xb6\xe0\xa5\x8d\xe0\xa4\xb5\xe0\xa4\xb0\xe0\xa5\x80']
<class 'mumbai.models.DoesNotExist'>['2009', '\xe0\xa4\x86\xe0\xa4\xb0.\xe0\xa4\xb8\xe0\xa5\x80.\xe0\xa4\x8f\xe0\xa4\xab \xe0\xa4\xb5\xe0\xa4\xb8\xe0\xa4\xbe\xe0\xa4\xb9\xe0\xa4\xa4']
<class 'mumbai.models.DoesNotExist'>['2034', '\xe0\xa4\x89\xe0\xa4\xa4\xe0\xa5\x8d\xe0\xa4\x95\xe0\xa4\xb0\xe0\xa5\x8d\xe0\xa4\xb7 \xe0\xa4\xa8\xe0\xa4\x97\xe0\xa4\xb0']
<class 'mumbai.models.DoesNotExist'>['2068', '\xe0\xa4\xac\xe0\xa4\x82\xe0\xa4\xa6\xe0\xa4\xb0\xe0\xa4\xb5\xe0\xa4\xbe\xe0\xa4\xa1\xe0\xa5\x80 \xe0\xa4\xa8\xe0\xa4\xbe\xe0\xa4\x95\xe0\xa4\xbe']
<class 'mumbai.models.DoesNotExist'>['2084', '\xe0\xa4\xb2\xe0\xa5\x8b\xe0\xa4\x95\xe0\xa4\xae\xe0\xa4\xbe\xe0\xa4\xa8\xe0\xa5\x8d\xe0\xa4\xaf \xe0\xa4\x9f\xe0\xa4\xbf\xe0\xa4\xb3\xe0\xa4\x95 \xe0\xa4\x9a\xe0\xa5\x8c\xe0\xa4\x95']
<class 'mumbai.models.DoesNotExist'>['2091', '\xe0\xa4\x96\xe0\xa5\x8b\xe0\xa4\xa4 \xe0\xa4\xb0\xe0\xa5\x8b\xe0\xa4\xa1']
<class 'mumbai.models.DoesNotExist'>['2149', '\xe0\xa4\xa8\xe0\xa4\xbf\xe0\xa4\xb2\xe0\xa4\xae \xe0\xa4\xa8\xe0\xa4\x97\xe0\xa4\xb0(\xe0\xa4\xae\xe0\xa5\x81\xe0\xa4\xb2\xe0\xa5\x81\xe0\xa4\x82\xe0\xa4\xa1 -\xe0\xa4\xaa\xe0\xa5\x82)']
<class 'mumbai.models.DoesNotExist'>['2150', '\xe0\xa4\xb8\xe0\xa5\x87\xe0\xa4\xa8\xe0\xa4\xbe\xe0\xa4\xaa\xe0\xa4\xa4\xe0\xa5\x80 \xe0\xa4\xaa\xe0\xa5\x8d\xe0\xa4\xb0\xe0\xa4\xa4\xe0\xa4\xbe\xe0\xa4\xaa\xe0\xa4\xb0\xe0\xa4\xbe\xe0\xa4\xb5 \xe0\xa4\x97\xe0\xa5\x81\xe0\xa4\x9c\xe0\xa4\xb0 \xe0\xa4\xb0\xe0\xa5\x8b\xe0\xa4\xa1']
<class 'mumbai.models.DoesNotExist'>['2206', '\xe0\xa4\xb8\xe0\xa4\xbe\xe0\xa4\x88 \xe0\xa4\xae\xe0\xa4\x82\xe0\xa4\xa6\xe0\xa4\xbf\xe0\xa4\xb0/\xe0\xa4\xb8\xe0\xa5\x81\xe0\xa4\xb0\xe0\xa4\x9c \xe0\xa4\xb9\xe0\xa4\xbe\xe0\xa4\x89\xe0\xa4\xb8 \xe0\xa4\x85\xe0\xa4\x82\xe0\xa4\xa7\xe0\xa5\x87\xe0\xa4\xb0\xe0\xa5\x80']
<class 'mumbai.models.DoesNotExist'>['2220', '\xe0\xa4\xb8\xe0\xa4\xbe\xe0\xa4\xa8\xe0\xa5\x87 \xe0\xa4\x97\xe0\xa5\x81\xe0\xa4\xb0\xe0\xa5\x81\xe0\xa4\x9c\xe0\xa5\x80 \xe0\xa4\xa8\xe0\xa4\x97\xe0\xa4\xb0']
<class 'mumbai.models.DoesNotExist'>['2225', '\xe0\xa4\xb0\xe0\xa4\xbe\xe0\xa4\x9c\xe0\xa4\xb8\xe0\xa5\x8d\xe0\xa4\xa5\xe0\xa4\xbe\xe0\xa4\xa8 \xe0\xa4\xac\xe0\xa4\x81\xe0\xa4\x95']
<class 'mumbai.models.DoesNotExist'>['2282', '\xe0\xa4\xaa\xe0\xa4\xbe\xe0\xa4\xb0\xe0\xa5\x80\xe0\xa4\x9c\xe0\xa4\xbe\xe0\xa4\xa4 \xe0\xa4\xaa\xe0\xa5\x8b\xe0\xa4\xaf\xe0\xa4\xb8\xe0\xa4\xb0']
<class 'mumbai.models.DoesNotExist'>['2290', '\xe0\xa4\x95\xe0\xa5\x87\xe0\xa4\xa3\xe0\xa5\x80 \xe0\xa4\xb5\xe0\xa4\xbf\xe0\xa4\xa6\xe0\xa5\x8d\xe0\xa4\xaf\xe0\xa4\xbe\xe0\xa4\xb2\xe0\xa4\xaf']
<class 'mumbai.models.DoesNotExist'>['2291', '\xe0\xa4\x95\xe0\xa5\x81\xe0\xa4\xb0\xe0\xa5\x8d\xe0\xa4\xb2\xe0\xa4\xbe \xe0\xa4\xa8\xe0\xa4\xbe\xe0\xa4\x97\xe0\xa4\xb0\xe0\xa4\xbf\xe0\xa4\x95 \xe0\xa4\xb8\xe0\xa4\xb9\xe0\xa4\x95\xe0\xa4\xbe\xe0\xa4\xb0\xe0\xa5\x80 \xe0\xa4\xac\xe0\xa4\x81\xe0\xa4\x95']
<class 'mumbai.models.DoesNotExist'>['2308', '\xe0\xa4\xb9\xe0\xa4\xbf\xe0\xa4\xb0\xe0\xa4\xbe\xe0\xa4\xa8\xe0\xa4\x82\xe0\xa4\xa6\xe0\xa4\xbe\xe0\xa4\xa8\xe0\xa5\x80 \xe0\xa4\x9c\xe0\xa4\x82\xe0\xa4\x95\xe0\xa5\x8d\xe0\xa4\xb6\xe0\xa4\xa8']
<class 'mumbai.models.DoesNotExist'>['2310', '\xe0\xa4\x85\xe0\xa4\xae\xe0\xa5\x8d\xe0\xa4\xb0\xe0\xa5\x81\xe0\xa4\xa4 \xe0\xa4\xb6\xe0\xa4\x95\xe0\xa5\x8d\xe0\xa4\xa4\xe0\xa5\x80']
<class 'mumbai.models.DoesNotExist'>['2313', '\xe0\xa4\xb5\xe0\xa5\x88\xe0\xa4\xad\xe0\xa4\xb5 \xe0\xa4\x86\xe0\xa4\xb8\xe0\xa4\xbe\xe0\xa4\xb5\xe0\xa4\xb0\xe0\xa5\x80 \xe0\xa4\xb8\xe0\xa5\x8b\xe0\xa4\xb8\xe0\xa4\xbe\xe0\xa4\xaf\xe0\xa4\x9f\xe0\xa5\x80(\xe0\xa4\xb5\xe0\xa5\x87\xe0\xa4\xb0 \xe0\xa4\xb9\xe0\xa4\xbe\xe0\xa4\x89\xe0\xa4\xb8)']
<class 'mumbai.models.DoesNotExist'>['2316', '\xe0\xa4\x86\xe0\xa4\xb0.\xe0\xa4\xad\xe0\xa5\x80.\xe0\xa4\x86\xe0\xa4\xaf. \xe0\xa4\xb5\xe0\xa4\xb8\xe0\xa4\xbe\xe0\xa4\xb9\xe0\xa4\xa4 (\xe0\xa4\xad\xe0\xa4\xbe\xe0\xa4\x82\xe0\xa4\xa1\xe0\xa5\x81\xe0\xa4\xaa \xe0\xa4\x97\xe0\xa4\xbe\xe0\xa4\xb5 -\xe0\xa4\xaa\xe0\xa5\x82)']
<class 'mumbai.models.DoesNotExist'>['2334', '\xe0\xa4\xb5\xe0\xa4\xbf\xe0\xa4\xa3\xe0\xa4\xbe \xe0\xa4\xa8\xe0\xa4\x97\xe0\xa4\xb0 (\xe0\xa4\xaf\xe0\xa5\x8b\xe0\xa4\x97\xe0\xa5\x80 \xe0\xa4\xb9\xe0\xa4\xbf\xe0\xa4\xb2)']
<class 'mumbai.models.DoesNotExist'>['2446', '\xe0\xa4\xaa\xe0\xa5\x8b\xe0\xa4\xb2\xe0\xa5\x80\xe0\xa4\xb8 \xe0\xa4\x95\xe0\xa4\x81\xe0\xa4\xaa \xe0\xa4\x85\xe0\xa4\x82\xe0\xa4\xa7\xe0\xa5\x87\xe0\xa4\xb0\xe0\xa5\x80']
<class 'mumbai.models.DoesNotExist'>['2457', '\xe0\xa4\xa8\xe0\xa4\xb9\xe0\xa4\xbe\xe0\xa4\xb0 \xe0\xa4\xb8\xe0\xa4\x82\xe0\xa4\x95\xe0\xa5\x81\xe0\xa4\xb2 \xe0\xa4\x97\xe0\xa5\x87\xe0\xa4\x9f(\xe0\xa4\xae\xe0\xa5\x8d\xe0\xa4\xb9\xe0\xa4\xbe\xe0\xa4\xa1\xe0\xa4\xbe)']
<class 'mumbai.models.DoesNotExist'>['2532', '\xe0\xa4\xb8\xe0\xa5\x8d\xe0\xa4\x9f\xe0\xa5\x87\xe0\xa4\x9f \xe0\xa4\xac\xe0\xa4\x81\xe0\xa4\x95 \xe0\xa4\x86\xe0\xa4\xab \xe0\xa4\x87\xe0\xa4\x82\xe0\xa4\xa1\xe0\xa5\x80\xe0\xa4\xaf\xe0\xa4\xbe']
<class 'mumbai.models.DoesNotExist'>['2612', '\xe0\xa4\xa6\xe0\xa5\x81\xe0\xa4\xb0\xe0\xa4\xa7\xe0\xa5\x8d\xe0\xa4\xb5\xe0\xa4\xa8\xe0\xa5\x80 \xe0\xa4\x95\xe0\xa5\x87\xe0\xa4\x82\xe0\xa4\xa6\xe0\xa5\x8d\xe0\xa4\xb0 \xe0\xa4\x98\xe0\xa4\xbe\xe0\xa4\x9f\xe0\xa4\x95\xe0\xa5\x8b\xe0\xa4\xaa\xe0\xa4\xb0']
<class 'mumbai.models.DoesNotExist'>['2632', '\xe0\xa4\x97\xe0\xa5\x81\xe0\xa4\xb2\xe0\xa4\xae\xe0\xa5\x8b\xe0\xa4\xb9\xe0\xa4\xb0 \xe0\xa4\xb8\xe0\xa5\x8b\xe0\xa4\xb8\xe0\xa4\xbe\xe0\xa4\xaf\xe0\xa4\x9f\xe0\xa5\x80']
<class 'mumbai.models.DoesNotExist'>['2666', '\xe0\xa4\x86\xe0\xa4\x82\xe0\xa4\xac\xe0\xa5\x87\xe0\xa4\xa1\xe0\xa4\x95\xe0\xa4\xb0 \xe0\xa4\x9a\xe0\xa5\x8c\xe0\xa4\x95']
<class 'mumbai.models.DoesNotExist'>['2668', '\xe0\xa4\x86\xe0\xa4\xb0.\xe0\xa4\xac\xe0\xa5\x80.\xe0\xa4\x86\xe0\xa4\xaf (\xe0\xa4\xae\xe0\xa5\x81\xe0\xa4\x82\xe0\xa4\xac\xe0\xa4\x87 \xe0\xa4\xb8\xe0\xa5\x87\xe0\xa4\x82\xe0\xa4\x9f\xe0\xa5\x8d\xe0\xa4\xb0\xe0\xa4\xb2 )']
<class 'mumbai.models.DoesNotExist'>['2672', '\xe0\xa4\x97\xe0\xa5\x8b\xe0\xa4\xb2\xe0\xa5\x8d\xe0\xa4\xa1\xe0\xa4\xa8 \xe0\xa4\x97\xe0\xa5\x87\xe0\xa4\x9f']
<class 'mumbai.models.DoesNotExist'>['2673', '\xe0\xa4\x97\xe0\xa4\x9d\xe0\xa4\xa6\xe0\xa4\xbe\xe0\xa4\xb0 \xe0\xa4\xac\xe0\xa4\x82\xe0\xa4\xa7\xe0\xa5\x81 \xe0\xa4\xae\xe0\xa5\x8d\xe0\xa4\xaf\xe0\xa5\x81\xe0\xa4\xa8\xe0\xa5\x80\xe0\xa4\xb8\xe0\xa4\xbf\xe0\xa4\xaa\xe0\xa4\xb2 \xe0\xa4\xb8\xe0\xa5\x8d\xe0\xa4\x95\xe0\xa5\x81\xe0\xa4\xb2']
<class 'mumbai.models.DoesNotExist'>['2674', '\xe0\xa4\x86\xe0\xa4\xb0.\xe0\xa4\xac\xe0\xa5\x80.\xe0\xa4\x86\xe0\xa4\xaf \xe0\xa4\x95\xe0\xa5\x8d\xe0\xa4\xb5\xe0\xa4\xbe\xe0\xa4\xb0\xe0\xa5\x8d\xe0\xa4\x9f\xe0\xa4\xb0\xe0\xa5\x8d\xe0\xa4\xb8 (\xe0\xa4\x96\xe0\xa4\xbe\xe0\xa4\xb0)']
<class 'mumbai.models.DoesNotExist'>['2683', '\xe0\xa4\xa8\xe0\xa4\xbe\xe0\xa4\x97\xe0\xa4\xaa\xe0\xa4\xbe\xe0\xa4\xa1\xe0\xa4\xbe']
<class 'mumbai.models.DoesNotExist'>['2734', '\xe0\xa4\xb5\xe0\xa4\xbf\xe0\xa4\x95\xe0\xa5\x8d\xe0\xa4\xb0\xe0\xa4\xae \xe0\xa4\xb8\xe0\xa4\xbe\xe0\xa4\xb0\xe0\xa4\xbe\xe0\xa4\xad\xe0\xa4\xbe\xe0\xa4\x87 \xe0\xa4\xad\xe0\xa4\xb5\xe0\xa4\xa8 ( \xe0\xa4\x85\xe0\xa4\xa3\xe0\xa5\x81\xe0\xa4\xb6\xe0\xa4\x95\xe0\xa5\x8d\xe0\xa4\xa4\xe0\xa5\x80 \xe0\xa4\xa8\xe0\xa4\x97\xe0\xa4\xb0)']
<class 'mumbai.models.DoesNotExist'>['2745', '\xe0\xa4\x9c\xe0\xa4\xb2\xe0\xa4\xbe\xe0\xa4\xb0\xe0\xa4\xbe\xe0\xa4\xae \xe0\xa4\xb8\xe0\xa5\x8b\xe0\xa4\xb8\xe0\xa4\xbe\xe0\xa4\xaf\xe0\xa4\x9f\xe0\xa5\x80']
<class 'mumbai.models.DoesNotExist'>['2754', '\xe0\xa4\x86\xe0\xa4\xb0.\xe0\xa4\xb8\xe0\xa5\x80.\xe0\xa4\x8f\xe0\xa4\xab \xe0\xa4\xb5\xe0\xa4\xb8\xe0\xa4\xbe\xe0\xa4\xb9\xe0\xa4\xa4(\xe0\xa4\xad\xe0\xa4\xbe\xe0\xa4\x82\xe0\xa4\xa1\xe0\xa5\x81\xe0\xa4\xaa \xe0\xa4\x97\xe0\xa4\xbe\xe0\xa4\xb5 -\xe0\xa4\xaa\xe0\xa5\x82)']
<class 'mumbai.models.DoesNotExist'>['2768', '\xe0\xa4\x9f\xe0\xa5\x8d\xe0\xa4\xb0\xe0\xa4\x95\xe0\xa5\x8d\xe0\xa4\x9f\xe0\xa4\xb0 \xe0\xa4\x87\xe0\xa4\x82\xe0\xa4\x9c\xe0\xa4\xbf\xe0\xa4\xa8\xe0\xa4\xbf\xe0\xa4\xaf\xe0\xa4\xb0\xe0\xa5\x80\xe0\xa4\x82\xe0\xa4\x97 \xe0\xa4\xb2\xe0\xa4\xbf\xe0\xa4\xae\xe0\xa5\x80\xe0\xa4\x9f\xe0\xa5\x87\xe0\xa4\xa1(\xe0\xa4\xae\xe0\xa4\xb9\xe0\xa4\xbe\xe0\xa4\xaa\xe0\xa5\x87']
<class 'mumbai.models.DoesNotExist'>['2784', '\xe0\xa4\xb6\xe0\xa4\xbf\xe0\xa4\xb5\xe0\xa4\xb8\xe0\xa4\xbe\xe0\xa4\x88 \xe0\xa4\xae\xe0\xa4\x82\xe0\xa4\xa6\xe0\xa4\xbf\xe0\xa4\xb0']
<class 'mumbai.models.DoesNotExist'>['2785', '\xe0\xa4\x9c\xe0\xa4\xbf\xe0\xa4\x9c\xe0\xa4\xbe\xe0\xa4\xae\xe0\xa4\xbe\xe0\xa4\xa4\xe0\xa4\xbe \xe0\xa4\xae\xe0\xa4\x82\xe0\xa4\xa6\xe0\xa4\xbf\xe0\xa4\xb0 /\xe0\xa4\x95\xe0\xa5\x81\xe0\xa4\xb0\xe0\xa4\xbe\xe0\xa4\xb0 \xe0\xa4\xae\xe0\xa4\xbe\xe0\xa4\xb0\xe0\xa5\x8d\xe0\xa4\x95\xe0\xa5\x87\xe0\xa4\x9f']
<class 'mumbai.models.DoesNotExist'>['2842', '\xe0\xa4\xb6\xe0\xa4\xbf\xe0\xa4\xb5\xe0\xa4\xbe\xe0\xa4\x9c\xe0\xa5\x80 \xe0\xa4\xa8\xe0\xa4\x97\xe0\xa4\xb0 \xe0\xa4\xb0\xe0\xa5\x8b\xe0\xa4\xa1 \xe0\xa4\xa8\xe0\xa4\x82.8']
<class 'mumbai.models.DoesNotExist'>['2854', '\xe0\xa4\xb9\xe0\xa4\xbe\xe0\xa4\x9c\xe0\xa5\x80 \xe0\xa4\xac\xe0\xa4\x82\xe0\xa4\xa6\xe0\xa4\xb0 \xe0\xa4\xa8\xe0\xa5\x8d\xe0\xa4\xaf\xe0\xa5\x81 \xe0\xa4\x97\xe0\xa5\x87\xe0\xa4\x9f']
<class 'mumbai.models.DoesNotExist'>['2886', '\xe0\xa4\x9c\xe0\xa4\xa8\xe0\xa4\xa4\xe0\xa4\xbe \xe0\xa4\xae\xe0\xa4\xbe\xe0\xa4\xb0\xe0\xa5\x8d\xe0\xa4\x95\xe0\xa5\x87\xe0\xa4\x9f \xe0\xa4\xb5\xe0\xa4\xbf\xe0\xa4\x95\xe0\xa5\x8d\xe0\xa4\xb0\xe0\xa5\x8b\xe0\xa4\xb2\xe0\xa5\x80']
<class 'mumbai.models.DoesNotExist'>['2907', '\xe0\xa4\xa8\xe0\xa5\x8d\xe0\xa4\xaf\xe0\xa5\x81 \xe0\xa4\x9f\xe0\xa4\xbf\xe0\xa4\xb3\xe0\xa4\x95 \xe0\xa4\xa8\xe0\xa4\x97\xe0\xa4\xb0 \xe0\xa4\x97\xe0\xa5\x87\xe0\xa4\x9f']
<class 'mumbai.models.DoesNotExist'>['2914', '\xe0\xa4\xa8\xe0\xa4\xbe\xe0\xa4\xaf\xe0\xa4\xa1\xe0\xa5\x81 \xe0\xa4\x95\xe0\xa5\x89\xe0\xa4\xb2\xe0\xa4\xa8\xe0\xa5\x80']
<class 'mumbai.models.DoesNotExist'>['2921', '\xe0\xa4\xae\xe0\xa4\xb9\xe0\xa4\xbe\xe0\xa4\xb5\xe0\xa4\xbf\xe0\xa4\xb0 \xe0\xa4\xa7\xe0\xa4\xbe\xe0\xa4\xae \xe0\xa4\x98\xe0\xa4\xbe\xe0\xa4\x9f\xe0\xa4\x95\xe0\xa5\x8b\xe0\xa4\xaa\xe0\xa4\xb0']
<class 'mumbai.models.DoesNotExist'>['2922', '\xe0\xa4\xb6\xe0\xa4\xbf\xe0\xa4\xa4\xe0\xa4\xb2 \xe0\xa4\xa7\xe0\xa4\xbe\xe0\xa4\xae']
<class 'mumbai.models.DoesNotExist'>['2924', '\xe0\xa4\x93.\xe0\xa4\x8f\xe0\xa4\xa8.\xe0\xa4\x9c\xe0\xa5\x80.\xe0\xa4\xb8\xe0\xa5\x80. \xe0\xa4\x95\xe0\xa5\x89\xe0\xa4\xb2\xe0\xa4\xa8\xe0\xa5\x80 ( \xe0\xa4\x85\xe0\xa4\xae\xe0\xa5\x8d\xe0\xa4\xb0\xe0\xa5\x81\xe0\xa4\xa4 \xe0\xa4\xa8\xe0\xa4\x97\xe0\xa4\xb0)']
<class 'mumbai.models.DoesNotExist'>['2925', '\xe0\xa4\xa1\xe0\xa4\xb9\xe0\xa4\xbe\xe0\xa4\xa8\xe0\xa5\x81\xe0\xa4\x95\xe0\xa4\xb0 \xe0\xa4\xae\xe0\xa4\xb9\xe0\xa4\xbe\xe0\xa4\xb5\xe0\xa4\xbf\xe0\xa4\xa6\xe0\xa5\x8d\xe0\xa4\xaf\xe0\xa4\xbe\xe0\xa4\xb2\xe0\xa4\xaf']
<class 'mumbai.models.DoesNotExist'>['2967', '\xe0\xa4\xb0\xe0\xa4\xbe\xe0\xa4\xb7\xe0\xa5\x8d\xe0\xa4\x9f\xe0\xa5\x8d\xe0\xa4\xb0\xe0\xa5\x80\xe0\xa4\xaf \xe0\xa4\xae\xe0\xa4\xbf\xe0\xa4\xb2 \xe0\xa4\xae\xe0\xa4\x9c\xe0\xa4\xa6\xe0\xa5\x81\xe0\xa4\xb0 \xe0\xa4\xb8\xe0\xa4\x82\xe0\xa4\x98 (\xe0\xa4\xaa\xe0\xa4\xb0\xe0\xa4\xb3)']
<class 'mumbai.models.DoesNotExist'>['2969', '\xe0\xa4\xaa\xe0\xa4\x9f\xe0\xa5\x87\xe0\xa4\xb2 \xe0\xa4\xb5\xe0\xa4\xbe\xe0\xa4\xa1\xe0\xa5\x80']
<class 'mumbai.models.DoesNotExist'>['2970', '\xe0\xa4\x86\xe0\xa4\x82\xe0\xa4\xac\xe0\xa5\x87\xe0\xa4\xa1\xe0\xa4\x95\xe0\xa4\xb0 \xe0\xa4\xa8\xe0\xa4\x97\xe0\xa4\xb0']
<class 'mumbai.models.DoesNotExist'>['2990', '\xe0\xa4\xa4\xe0\xa5\x81\xe0\xa4\xb0\xe0\xa5\x8d\xe0\xa4\xad\xe0\xa5\x87 \xe0\xa4\x97\xe0\xa4\xbe\xe0\xa4\xb5']
<class 'mumbai.models.DoesNotExist'>['2997', '\xe0\xa4\x95\xe0\xa5\x8b\xe0\xa4\x95\xe0\xa4\xa3 \xe0\xa4\xa8\xe0\xa4\x97\xe0\xa4\xb0 \xe0\xa4\x85\xe0\xa4\x82\xe0\xa4\xa7\xe0\xa5\x87\xe0\xa4\xb0\xe0\xa5\x80']
<class 'mumbai.models.DoesNotExist'>['3195', '\xe0\xa4\x97\xe0\xa5\x8b\xe0\xa4\xb0\xe0\xa5\x87\xe0\xa4\x97\xe0\xa4\xbe\xe0\xa4\xb5 \xe0\xa4\xb8\xe0\xa5\x8d\xe0\xa4\xa5\xe0\xa4\xbe\xe0\xa4\xa8\xe0\xa4\x95 (\xe0\xa4\xaa\xe0\xa5\x82)']
<class 'mumbai.models.DoesNotExist'>['3274', '\xe0\xa4\xb6\xe0\xa4\xbe\xe0\xa4\xae\xe0\xa4\xb0\xe0\xa4\xbe\xe0\xa4\xb5 \xe0\xa4\xb5\xe0\xa4\xbf\xe0\xa4\xa0\xe0\xa5\x8d\xe0\xa4\xa0\xe0\xa4\xb2 \xe0\xa4\xac\xe0\xa4\x81\xe0\xa4\x95 (\xe0\xa4\xb5\xe0\xa4\xbe\xe0\xa4\xb6\xe0\xa5\x80)']
<class 'mumbai.models.DoesNotExist'>['3275', '\xe0\xa4\x8f. \xe0\xa4\xaa\xe0\xa5\x80. \xe0\xa4\x8f\xe0\xa4\xae. \xe0\xa4\xb8\xe0\xa5\x80. \xe0\xa4\xb8\xe0\xa5\x87\xe0\xa4\x95\xe0\xa5\x8d\xe0\xa4\x9f\xe0\xa4\xb0 19']
<class 'mumbai.models.DoesNotExist'>['3337', '\xe0\xa4\x86\xe0\xa4\x82\xe0\xa4\xa4\xe0\xa4\xb0\xe0\xa4\xb0\xe0\xa4\xbe\xe0\xa4\x9c\xe0\xa5\x8d\xe0\xa4\xaf \xe0\xa4\xac\xe0\xa4\xb8 \xe0\xa4\x9f\xe0\xa4\xb0\xe0\xa5\x8d\xe0\xa4\xae\xe0\xa4\xbf\xe0\xa4\xa8\xe0\xa4\xb8 ']
<class 'mumbai.models.DoesNotExist'>['3371', '\xe0\xa4\xb9\xe0\xa4\xbf\xe0\xa4\x82\xe0\xa4\xa6\xe0\xa5\x81\xe0\xa4\xb8\xe0\xa5\x8d\xe0\xa4\xa4\xe0\xa4\xbe\xe0\xa4\xa8 \xe0\xa4\xb2\xe0\xa4\xbf\xe0\xa4\xb5\xe0\xa4\xb0 \xe0\xa4\xb2\xe0\xa4\xbf.']
<class 'mumbai.models.DoesNotExist'>['3391', '\xe0\xa4\x8f\xe0\xa4\xb2.\xe0\xa4\x8f\xe0\xa4\xb8.\xe0\xa4\xb0\xe0\xa4\xb9\xe0\xa5\x87\xe0\xa4\x9c\xe0\xa4\xbe \xe0\xa4\xae\xe0\xa4\xb9\xe0\xa4\xbe\xe0\xa4\xb5\xe0\xa4\xbf\xe0\xa4\xa6\xe0\xa5\x8d\xe0\xa4\xaf\xe0\xa4\xbe\xe0\xa4\xb2\xe0\xa4\xaf']
<class 'mumbai.models.DoesNotExist'>['3410', '\xe0\xa4\x85\xe0\xa4\xb2\xe0\xa4\xab\xe0\xa4\xa4 \xe0\xa4\xb9\xe0\xa4\xae\xe0\xa4\xbe\xe0\xa4\xb0\xe0\xa4\xbe \xe0\xa4\x98\xe0\xa4\xb0 \xe0\xa4\xb8\xe0\xa5\x8b\xe0\xa4\xb8\xe0\xa4\xbe\xe0\xa4\xaf\xe0\xa4\x9f\xe0\xa5\x80']
<class 'mumbai.models.DoesNotExist'>['3424', '\xe0\xa4\x97\xe0\xa4\xbf\xe0\xa4\xb0\xe0\xa5\x80\xe0\xa4\xb0\xe0\xa4\xbe\xe0\xa4\x9c \xe0\xa4\xb8\xe0\xa5\x8b\xe0\xa4\xb8\xe0\xa4\xbe\xe0\xa4\xaf\xe0\xa4\x9f\xe0\xa5\x80 ']
<class 'mumbai.models.DoesNotExist'>['3438', '\xe0\xa4\xac\xe0\xa5\x80. \xe0\xa4\x8f. \xe0\xa4\x86\xe0\xa4\xb0. \xe0\xa4\xb8\xe0\xa5\x80. \xe0\xa4\x97\xe0\xa5\x87\xe0\xa4\x9f \xe0\xa4\xa8\xe0\xa4\x82. 6']
<class 'mumbai.models.DoesNotExist'>['3453', '\xe0\xa4\xb5\xe0\xa5\x81\xe0\xa4\xa1 \xe0\xa4\xb9\xe0\xa4\xbe\xe0\xa4\x8a\xe0\xa4\xb8']
<class 'mumbai.models.DoesNotExist'>['3457', '\xe0\xa4\xb8\xe0\xa4\x82\xe0\xa4\xa4\xe0\xa5\x8b\xe0\xa4\xb7 \xe0\xa4\xa8\xe0\xa4\x97\xe0\xa4\xb0 \xe0\xa4\xaa\xe0\xa5\x8b\xe0\xa4\xb2\xe0\xa4\xbf\xe0\xa4\xb8 \xe0\xa4\x9a\xe0\xa5\x8c\xe0\xa4\x95\xe0\xa5\x80']
<class 'mumbai.models.DoesNotExist'>['3458', '\xe0\xa4\xb6\xe0\xa5\x8d\xe0\xa4\xb0\xe0\xa4\xa6\xe0\xa5\x8d\xe0\xa4\xa7\xe0\xa4\xbe \xe0\xa4\xa8\xe0\xa4\x97\xe0\xa4\xb0']
<class 'mumbai.models.DoesNotExist'>['3459', '\xe0\xa4\xa8\xe0\xa4\xbe\xe0\xa4\x97\xe0\xa5\x87\xe0\xa4\xb6\xe0\xa5\x8d\xe0\xa4\xb5\xe0\xa4\xb0 \xe0\xa4\xae\xe0\xa4\x82\xe0\xa4\xa6\xe0\xa4\xbf\xe0\xa4\xb0']
<class 'mumbai.models.DoesNotExist'>['3467', '\xe0\xa4\xb6\xe0\xa4\xbf\xe0\xa4\xb5\xe0\xa4\xb0 \xe0\xa4\x97\xe0\xa4\xbe\xe0\xa4\xb0\xe0\xa5\x8d\xe0\xa4\xa1\xe0\xa4\xa8']
<class 'mumbai.models.DoesNotExist'>['3468', '\xe0\xa4\x93. \xe0\xa4\x8f\xe0\xa4\xa8. \xe0\xa4\x9c\xe0\xa5\x80. \xe0\xa4\xb8\xe0\xa5\x80. \xe0\xa4\x95\xe0\xa5\x89\xe0\xa4\xb2\xe0\xa5\x8b\xe0\xa4\xa8\xe0\xa5\x80 (\xe0\xa4\xac\xe0\xa5\x80. \xe0\xa4\x95\xe0\xa5\x87. \xe0\xa4\xb8\xe0\xa5\x80.)']
<class 'mumbai.models.DoesNotExist'>['3469', '\xe0\xa4\xb9\xe0\xa4\xbf\xe0\xa4\x82\xe0\xa4\xa6\xe0\xa5\x80 \xe0\xa4\xb6\xe0\xa4\xbe\xe0\xa4\xb3\xe0\xa4\xbe (\xe0\xa4\xac\xe0\xa5\x80. \xe0\xa4\x95\xe0\xa5\x87. \xe0\xa4\xb8\xe0\xa5\x80.)']
<class 'mumbai.models.DoesNotExist'>['3470', '\xe0\xa4\xa8\xe0\xa5\x8d\xe0\xa4\xaf\xe0\xa5\x81 \xe0\xa4\x88\xe0\xa4\x82\xe0\xa4\x97\xe0\xa5\x8d\xe0\xa4\xb2\xe0\xa4\xbf\xe0\xa4\xb6 \xe0\xa4\xb6\xe0\xa4\xbe\xe0\xa4\xb3\xe0\xa4\xbe']
<class 'mumbai.models.DoesNotExist'>['3487', '\xe0\xa4\x86\xe0\xa4\xb0. \xe0\xa4\x85\xe0\xa4\xa3\xe0\xa5\x8d\xe0\xa4\xa1 \xe0\xa4\xb8\xe0\xa5\x80. \xe0\xa4\xae\xe0\xa5\x81\xe0\xa4\xb2\xe0\xa5\x81\xe0\xa4\x82\xe0\xa4\xa1']
<class 'mumbai.models.DoesNotExist'>['3491', '\xe0\xa4\x95\xe0\xa5\x87\xe0\xa4\x82\xe0\xa4\xa6\xe0\xa5\x8d\xe0\xa4\xb0\xe0\xa5\x80\xe0\xa4\xaf \xe0\xa4\xb5\xe0\xa4\xbf\xe0\xa4\xa6\xe0\xa5\x8d\xe0\xa4\xaf\xe0\xa4\xbe\xe0\xa4\xb2\xe0\xa4\xaf \xe0\xa4\x9a\xe0\xa5\x87\xe0\xa4\x82\xe0\xa4\xac\xe0\xa5\x81\xe0\xa4\xb0']
<class 'mumbai.models.DoesNotExist'>['3492', '\xe0\xa4\xae\xe0\xa4\xb2\xe0\xa5\x8d\xe0\xa4\xb9\xe0\xa4\xbe\xe0\xa4\xb0 \xe0\xa4\x85\xe0\xa4\xaa\xe0\xa4\xbe\xe0\xa4\xb0\xe0\xa5\x8d\xe0\xa4\x9f\xe0\xa4\xae\xe0\xa5\x87\xe0\xa4\x82\xe0\xa4\x9f']
<class 'mumbai.models.DoesNotExist'>['3493', '\xe0\xa4\xac\xe0\xa5\x80. \xe0\xa4\x8f. \xe0\xa4\x86\xe0\xa4\xb0. \xe0\xa4\xb8\xe0\xa5\x80. \xe0\xa4\x95\xe0\xa5\x85\xe0\xa4\xb2\xe0\xa5\x87\xe0\xa4\x9c']
<class 'mumbai.models.DoesNotExist'>['3494', '\xe0\xa4\xac\xe0\xa5\x80. \xe0\xa4\x8f. \xe0\xa4\x86\xe0\xa4\xb0. \xe0\xa4\xb8\xe0\xa5\x80. \xe0\xa4\xb6\xe0\xa4\xbe\xe0\xa4\xb3\xe0\xa4\xbe \xe0\xa4\xa8\xe0\xa4\x82. 6']
<class 'mumbai.models.DoesNotExist'>['3495', '\xe0\xa4\xb0\xe0\xa5\x87\xe0\xa4\xb2\xe0\xa5\x8d\xe0\xa4\xb5\xe0\xa5\x87 \xe0\xa4\xa8\xe0\xa4\xbf\xe0\xa4\xb5\xe0\xa4\xbe\xe0\xa4\xb8 (\xe0\xa4\x96\xe0\xa4\xbe\xe0\xa4\xb0)']
<class 'mumbai.models.DoesNotExist'>['3496', '\xe0\xa4\xb9\xe0\xa5\x81\xe0\xa4\xb8\xe0\xa5\x88\xe0\xa4\xa8 \xe0\xa4\x9f\xe0\xa5\x87\xe0\xa4\x95\xe0\xa4\xa1\xe0\xa5\x80']
<class 'mumbai.models.DoesNotExist'>['3497', '\xe0\xa4\x88\xe0\xa4\x82\xe0\xa4\xa6\xe0\xa4\xbf\xe0\xa4\xb0\xe0\xa4\xbe \xe0\xa4\xa8\xe0\xa4\x97\xe0\xa4\xb0 \xe0\xa4\xaa\xe0\xa5\x8b\xe0\xa4\xb2\xe0\xa4\xbf\xe0\xa4\xb8 \xe0\xa4\x9a\xe0\xa5\x8c\xe0\xa4\x95\xe0\xa5\x80']
<class 'mumbai.models.DoesNotExist'>['3498', '\xe0\xa4\xb2\xe0\xa5\x8b. \xe0\xa4\x95\xe0\xa5\x89\xe0\xa4\xae\xe0\xa5\x8d\xe0\xa4\xaa\xe0\xa4\xb2\xe0\xa5\x87\xe0\xa4\x95\xe0\xa5\x8d\xe0\xa4\xb8 \xe0\xa4\x96\xe0\xa4\xbe\xe0\xa4\xb0']
<class 'mumbai.models.DoesNotExist'>['3499', '\xe0\xa4\xa6\xe0\xa5\x87\xe0\xa4\xb8\xe0\xa4\xbe\xe0\xa4\x88 \xe0\xa4\xae\xe0\xa5\x8d\xe0\xa4\xaf\xe0\xa5\x81\xe0\xa4\xa8\xe0\xa4\xb8\xe0\xa4\xbf\xe0\xa4\xaa\xe0\xa4\xb2 \xe0\xa4\xb9\xe0\xa5\x89\xe0\xa4\xb8\xe0\xa5\x8d\xe0\xa4\xaa\xe0\xa4\xbf\xe0\xa4\x9f\xe0\xa4\xb2 (\xe0\xa4\xb8\xe0\xa4\xbe\xe0\xa4\x82\xe0\xa4\xa4\xe0\xa4\xbe\xe0\xa4\x95\xe0\xa5\x8d\xe0\xa4\xb0\xe0\xa5\x81\xe0\xa4\x9c)']
<class 'mumbai.models.DoesNotExist'>['3500', '\xe0\xa4\xb9\xe0\xa4\xa8\xe0\xa5\x81\xe0\xa4\xae\xe0\xa4\xbe\xe0\xa4\xa8 \xe0\xa4\xae\xe0\xa4\x82\xe0\xa4\xa6\xe0\xa4\xbf\xe0\xa4\xb0 (\xe0\xa4\xb8\xe0\xa4\xbe\xe0\xa4\x82\xe0\xa4\xa4\xe0\xa4\xbe\xe0\xa4\x95\xe0\xa5\x8d\xe0\xa4\xb0\xe0\xa5\x81\xe0\xa4\x9c)']
<class 'mumbai.models.DoesNotExist'>['3516', '\xe0\xa4\xb8\xe0\xa4\xbe\xe0\xa4\xb0\xe0\xa5\x80\xe0\xa4\xaa\xe0\xa5\x81\xe0\xa4\xa4 \xe0\xa4\xa8\xe0\xa4\x97\xe0\xa4\xb0']
<class 'mumbai.models.DoesNotExist'>['3583', '\xe0\xa4\xb5\xe0\xa4\xa1\xe0\xa4\xb3\xe0\xa4\xbe \xe0\xa4\x97\xe0\xa5\x87\xe0\xa4\x9f \xe0\xa4\xa8\xe0\xa4\x82. 4']
<class 'mumbai.models.DoesNotExist'>['3586', '\xe0\xa4\x85. \xe0\xa4\xaa\xe0\xa4\xbe\xe0\xa4\xb2\xe0\xa4\x9c\xe0\xa5\x80\xe0\xa4\xad\xe0\xa4\xbe\xe0\xa4\x88 \xe0\xa4\xac\xe0\xa5\x8b\xe0\xa4\xb0\xe0\xa5\x80\xe0\xa4\x9a\xe0\xa4\xbe \xe0\xa4\x9a\xe0\xa5\x8c\xe0\xa4\x95']
<class 'mumbai.models.DoesNotExist'>['3606', '\xe0\xa4\x86\xe0\xa4\x9d\xe0\xa4\xbe\xe0\xa4\xa6 \xe0\xa4\xa8\xe0\xa4\x97\xe0\xa4\xb0 \xe0\xa4\xae\xe0\xa4\xbf\xe0\xa4\xb0\xe0\xa4\xbe \xe0\xa4\xb0\xe0\xa5\x8b\xe0\xa4\xa1 ']
<class 'mumbai.models.DoesNotExist'>['3607', '\xe0\xa4\xad\xe0\xa4\xbe\xe0\xa4\x88\xe0\xa4\xa6\xe0\xa4\xaf\xe0\xa4\xbe \xe0\xa4\xa8\xe0\xa4\x97\xe0\xa4\xb0 (\xe0\xa4\xad\xe0\xa4\xbe\xe0\xa4\xaf\xe0\xa4\x82\xe0\xa4\xa6\xe0\xa4\xb0)']
<class 'mumbai.models.DoesNotExist'>['3608', '\xe0\xa4\xad\xe0\xa4\xbe\xe0\xa4\xaf\xe0\xa4\x82\xe0\xa4\xa6\xe0\xa4\xb0 \xe0\xa4\xae\xe0\xa4\xbe\xe0\xa4\xb0\xe0\xa5\x8d\xe0\xa4\x95\xe0\xa5\x87\xe0\xa4\x9f']
<class 'mumbai.models.DoesNotExist'>['3611', '\xe0\xa4\x95\xe0\xa4\xbe\xe0\xa4\xae\xe0\xa4\xb0\xe0\xa4\xbe\xe0\xa4\x9c \xe0\xa4\xa8\xe0\xa4\x97\xe0\xa4\xb0']
<class 'mumbai.models.DoesNotExist'>['3616', '\xe0\xa4\x86\xe0\xa4\xb0. \xe0\xa4\x86\xe0\xa4\xb0. \xe0\xa4\x95\xe0\xa4\xbe\xe0\xa4\x82\xe0\xa4\xac\xe0\xa4\xb3\xe0\xa5\x87 \xe0\xa4\xae\xe0\xa4\xbe\xe0\xa4\xb0\xe0\xa5\x8d\xe0\xa4\x97 \xe0\xa4\x9c\xe0\xa4\x82\xe0\xa4\x95\xe0\xa5\x8d\xe0\xa4\xb6\xe0\xa4\xa8']
<class 'mumbai.models.DoesNotExist'>['3617', '\xe0\xa4\xb0\xe0\xa5\x87\xe0\xa4\xa3\xe0\xa5\x81\xe0\xa4\x95\xe0\xa4\xbe \xe0\xa4\xa8\xe0\xa4\x97\xe0\xa4\xb0']
<class 'mumbai.models.DoesNotExist'>['3618', '\xe0\xa4\xb8\xe0\xa4\xbe\xe0\xa4\xb2\xe0\xa4\xb8\xe0\xa4\xbe\xe0\xa4\xb0 \xe0\xa4\xa8\xe0\xa4\x97\xe0\xa4\xb0']
<class 'mumbai.models.DoesNotExist'>['3619', '\xe0\xa4\xb6\xe0\xa4\xbe\xe0\xa4\x82\xe0\xa4\xa4\xe0\xa5\x80 \xe0\xa4\xa8\xe0\xa4\x97\xe0\xa4\xb0 (\xe0\xa4\x95\xe0\xa4\xbe\xe0\xa4\x82\xe0\xa4\xa6\xe0\xa5\x80\xe0\xa4\xb5\xe0\xa4\xb2\xe0\xa5\x80)']
<class 'mumbai.models.DoesNotExist'>['3621', '\xe0\xa4\xb6\xe0\xa5\x8d\xe0\xa4\xb0\xe0\xa5\x80 \xe0\xa4\xa8\xe0\xa4\xbe\xe0\xa4\xa5 \xe0\xa4\x95\xe0\xa5\x89\xe0\xa4\xae\xe0\xa5\x8d\xe0\xa4\xaa\xe0\xa4\xb2\xe0\xa5\x87\xe0\xa4\x95\xe0\xa5\x8d\xe0\xa4\xb8 \xe0\xa4\xae\xe0\xa4\xbf\xe0\xa4\xb0\xe0\xa4\xbe \xe0\xa4\xb0\xe0\xa5\x8b\xe0\xa4\xa1']
<class 'mumbai.models.DoesNotExist'>['3622', '\xe0\xa4\xb8\xe0\xa5\x87\xe0\xa4\x82\xe0\xa4\x9f \xe0\xa4\x9a\xe0\xa4\xbe\xe0\xa4\xb0\xe0\xa5\x8d\xe0\xa4\xb2\xe0\xa4\xb8 \xe0\xa4\x95\xe0\xa5\x89\xe0\xa4\xa8\xe0\xa4\xb5\xe0\xa5\x87\xe0\xa4\x82\xe0\xa4\x9f \xe0\xa4\xb8\xe0\xa5\x8d\xe0\xa4\x95\xe0\xa5\x81\xe0\xa4\xb2 ']
<class 'mumbai.models.DoesNotExist'>['3623', '\xe0\xa4\xb5\xe0\xa4\xbf\xe0\xa4\xa8\xe0\xa4\xbe\xe0\xa4\x9c \xe0\xa4\x85\xe0\xa4\xaa\xe0\xa4\xbe\xe0\xa4\xb0\xe0\xa5\x8d\xe0\xa4\x9f\xe0\xa4\xae\xe0\xa5\x87\xe0\xa4\x82\xe0\xa4\x9f']
<class 'mumbai.models.DoesNotExist'>['3624', '\xe0\xa4\xb5\xe0\xa4\xa1\xe0\xa4\xbe\xe0\xa4\xb0\xe0\xa4\xaa\xe0\xa4\xbe\xe0\xa4\xa1\xe0\xa4\xbe (\xe0\xa4\xae\xe0\xa5\x81\xe0\xa4\xb2\xe0\xa5\x81\xe0\xa4\x82\xe0\xa4\xa1)']
<class 'mumbai.models.DoesNotExist'>['3625', '\xe0\xa4\xb5\xe0\xa4\xbe\xe0\xa4\xb2\xe0\xa4\x9c\xe0\xa5\x80 \xe0\xa4\xb2\xe0\xa4\xa2\xe0\xa5\x8d\xe0\xa4\xa2\xe0\xa4\xbe \xe0\xa4\xae\xe0\xa4\xbe\xe0\xa4\xb0\xe0\xa5\x8d\xe0\xa4\x97 (\xe0\xa4\xae\xe0\xa5\x81\xe0\xa4\xb2\xe0\xa5\x81\xe0\xa4\x82\xe0\xa4\xa1)']
<class 'mumbai.models.DoesNotExist'>['3626', '\xe0\xa4\xb8\xe0\xa5\x8b\xe0\xa4\xa8\xe0\xa4\xbe \xe0\xa4\xb0\xe0\xa5\x81\xe0\xa4\x97\xe0\xa5\x8d\xe0\xa4\xa3\xe0\xa4\xbe\xe0\xa4\xb2\xe0\xa4\xaf \xe0\xa4\xb5\xe0\xa4\xbe\xe0\xa4\x95\xe0\xa5\x8b\xe0\xa4\xb2\xe0\xa4\xbe']
<class 'mumbai.models.DoesNotExist'>['3627', '\xe0\xa4\xa8\xe0\xa5\x87\xe0\xa4\xb9\xe0\xa4\xb0\xe0\xa5\x81 \xe0\xa4\xb5\xe0\xa4\xbe\xe0\xa4\x9a\xe0\xa4\xa8\xe0\xa4\xbe\xe0\xa4\xb2\xe0\xa4\xaf (\xe0\xa4\xb5\xe0\xa4\xbf\xe0\xa4\xa6\xe0\xa5\x8d\xe0\xa4\xaf\xe0\xa4\xbe \xe0\xa4\xa8\xe0\xa4\x97\xe0\xa4\xb0\xe0\xa5\x80)']
<class 'mumbai.models.DoesNotExist'>['3639', '\xe0\xa4\x86\xe0\xa4\xaf. \xe0\xa4\x88. \xe0\xa4\x8f\xe0\xa4\xb8. \xe0\xa4\xb8\xe0\xa5\x8d\xe0\xa4\x95\xe0\xa5\x81\xe0\xa4\xb2 \xe0\xa4\x9c\xe0\xa5\x8b. \xe0\xa4\xb5\xe0\xa4\xbf. \xe0\xa4\xb2\xe0\xa4\xbf\xe0\xa4\x82. \xe0\xa4\xb0. ']
<class 'mumbai.models.DoesNotExist'>['3640', '\xe0\xa4\xad\xe0\xa4\xbf\xe0\xa4\xae \xe0\xa4\xa8\xe0\xa4\x97\xe0\xa4\xb0']
<class 'mumbai.models.DoesNotExist'>['3657', '\xe0\xa4\xa8\xe0\xa4\xbe\xe0\xa4\xac\xe0\xa4\xbe\xe0\xa4\xb0\xe0\xa5\x8d\xe0\xa4\xa1 \xe0\xa4\xac\xe0\xa4\x81\xe0\xa4\x95 (\xe0\xa4\xac\xe0\xa5\x80. \xe0\xa4\x95\xe0\xa5\x87. \xe0\xa4\xb8\xe0\xa5\x80.)']
<class 'mumbai.models.DoesNotExist'>['3667', '\xe0\xa4\xb0\xe0\xa4\xbf\xe0\xa4\xb2\xe0\xa4\xbe\xe0\xa4\xaf\xe0\xa4\x82\xe0\xa4\xb8 \xe0\xa4\x8f\xe0\xa4\xa8\xe0\xa4\xb0\xe0\xa5\x8d\xe0\xa4\x9c\xe0\xa5\x80 (\xe0\xa4\x86\xe0\xa4\xb0\xe0\xa5\x87 \xe0\xa4\x95\xe0\xa5\x89\xe0\xa4\xb2\xe0\xa5\x8b\xe0\xa4\xa8\xe0\xa5\x80)']
<class 'mumbai.models.DoesNotExist'>['3668', '\xe0\xa4\xaf\xe0\xa5\x81\xe0\xa4\xa8\xe0\xa4\xbf\xe0\xa4\x9f \xe0\xa4\xa8\xe0\xa4\x82. 8 (\xe0\xa4\x86\xe0\xa4\xb0\xe0\xa5\x87 \xe0\xa4\x95\xe0\xa5\x89\xe0\xa4\xb2\xe0\xa5\x8b\xe0\xa4\xa8\xe0\xa5\x80)']
<class 'mumbai.models.DoesNotExist'>['3669', '\xe0\xa4\xb8\xe0\xa5\x80. \xe0\xa4\x95\xe0\xa5\x8d\xe0\xa4\xb0\xe0\xa5\x89\xe0\xa4\xb8 \xe0\xa4\x9c\xe0\xa4\x82\xe0\xa4\x95\xe0\xa5\x8d\xe0\xa4\xb6\xe0\xa4\xa8']
<class 'mumbai.models.DoesNotExist'>['3670', '\xe0\xa4\x85\xe0\xa4\xb2\xe0\xa4\xbe\xe0\xa4\xb9\xe0\xa4\xac\xe0\xa4\xbe\xe0\xa4\xa6 \xe0\xa4\xac\xe0\xa4\x81\xe0\xa4\x95 (\xe0\xa4\xb9\xe0\xa5\x81\xe0\xa4\xa4\xe0\xa4\xbe\xe0\xa4\xa4\xe0\xa5\x8d\xe0\xa4\xae\xe0\xa4\xbe \xe0\xa4\x9a\xe0\xa5\x8c\xe0\xa4\x95)']
<class 'mumbai.models.DoesNotExist'>['3671', '\xe0\xa4\x86\xe0\xa4\xb6\xe0\xa4\xbf\xe0\xa4\xb7 \xe0\xa4\x95\xe0\xa5\x89\xe0\xa4\xaa\xe0\xa5\x8d\xe0\xa4\xae\xe0\xa4\xb2\xe0\xa5\x87\xe0\xa4\x95\xe0\xa5\x8d\xe0\xa4\xb8']
<class 'mumbai.models.DoesNotExist'>['3672', '\xe0\xa4\xad\xe0\xa4\x9f \xe0\xa4\xb5\xe0\xa4\xbe\xe0\xa4\xa1\xe0\xa5\x80']
<class 'mumbai.models.DoesNotExist'>['3673', '\xe0\xa4\xad\xe0\xa5\x81\xe0\xa4\xae\xe0\xa5\x80 \xe0\xa4\x95\xe0\xa5\x89\xe0\xa4\xae\xe0\xa5\x8d\xe0\xa4\xaa\xe0\xa4\xb2\xe0\xa5\x87\xe0\xa4\x95\xe0\xa5\x8d\xe0\xa4\xb8']
<class 'mumbai.models.DoesNotExist'>['3674', '\xe0\xa4\xac\xe0\xa5\x80. \xe0\xa4\x8f\xe0\xa4\xb8. \xe0\xa4\x88. \xe0\xa4\xab\xe0\xa5\x8b\xe0\xa4\xb0\xe0\xa5\x8d\xe0\xa4\x9f']
<class 'mumbai.models.DoesNotExist'>['3675', '\xe0\xa4\xa6\xe0\xa5\x81\xe0\xa4\xa7\xe0\xa4\xb8\xe0\xa4\xbe\xe0\xa4\x97\xe0\xa4\xb0 \xe0\xa4\xb8\xe0\xa5\x8b\xe0\xa4\xb8\xe0\xa4\xbe\xe0\xa4\xaf\xe0\xa4\x9f\xe0\xa5\x80']
<class 'mumbai.models.DoesNotExist'>['3676', '\xe0\xa4\x97\xe0\xa5\x87\xe0\xa4\x9f \xe0\xa4\xb5\xe0\xa5\x87 \xe0\xa4\x91\xe0\xa4\xab \xe0\xa4\x87\xe0\xa4\x82\xe0\xa4\xa1\xe0\xa4\xbf\xe0\xa4\xaf\xe0\xa4\xbe']
<class 'mumbai.models.DoesNotExist'>['3677', '\xe0\xa4\x88\xe0\xa4\x9c\xe0\xa4\xae\xe0\xa4\xbf\xe0\xa4\xae\xe0\xa4\xbe']
<class 'mumbai.models.DoesNotExist'>['3680', '\xe0\xa4\xaa\xe0\xa5\x85\xe0\xa4\xb0\xe0\xa4\xbe\xe0\xa4\xa1\xe0\xa4\xbe\xe0\xa4\x88\xe0\xa4\xae \xe0\xa4\xac\xe0\xa5\x80. ']
<class 'mumbai.models.DoesNotExist'>['3681', '\xe0\xa4\xb8\xe0\xa5\x87\xe0\xa4\x95\xe0\xa5\x8d\xe0\xa4\x9f\xe0\xa4\xb0 \xe0\xa4\xa8\xe0\xa4\x82. 19 (\xe0\xa4\xb5\xe0\xa4\xbe\xe0\xa4\xb6\xe0\xa5\x80)']
<class 'mumbai.models.DoesNotExist'>['3682', '\xe0\xa4\xb6\xe0\xa5\x8d\xe0\xa4\xb0\xe0\xa5\x80 \xe0\xa4\xb8\xe0\xa4\xbe\xe0\xa4\x88\xe0\xa4\xac\xe0\xa4\xbe\xe0\xa4\xac\xe0\xa4\xbe \xe0\xa4\x95\xe0\xa5\x89\xe0\xa4\xae\xe0\xa5\x8d\xe0\xa4\xaa\xe0\xa4\xb2\xe0\xa5\x87\xe0\xa4\x95\xe0\xa5\x8d\xe0\xa4\xb8']
<class 'mumbai.models.DoesNotExist'>['3684', '\xe0\xa4\xa7\xe0\xa4\xbf\xe0\xa4\xb0\xe0\xa4\x9c \xe0\xa4\xb8\xe0\xa5\x8b\xe0\xa4\xb8\xe0\xa4\xbe\xe0\xa4\xaf\xe0\xa4\x9f\xe0\xa5\x80']
<class 'mumbai.models.DoesNotExist'>['3719', '\xe0\xa4\xaa\xe0\xa5\x8d\xe0\xa4\xb0\xe0\xa4\xac\xe0\xa5\x8b\xe0\xa4\xa7\xe0\xa4\xa8 \xe0\xa4\xa0\xe0\xa4\xbe\xe0\xa4\x95\xe0\xa4\xb0\xe0\xa5\x87 \xe0\xa4\xa8\xe0\xa4\x97\xe0\xa4\xb0 \xe0\xa4\xb8\xe0\xa5\x87\xe0\xa4\x95\xe0\xa5\x8d\xe0\xa4\x9f\xe0\xa4\xb0 8']
<class 'mumbai.models.DoesNotExist'>['3720', '\xe0\xa4\xb0\xe0\xa5\x81\xe0\xa4\xac\xe0\xa5\x80 \xe0\xa4\xb8\xe0\xa5\x8b\xe0\xa4\xb8\xe0\xa4\xbe\xe0\xa4\xaf\xe0\xa4\x9f\xe0\xa5\x80 \xe0\xa4\x9a\xe0\xa4\xbe\xe0\xa4\xb0\xe0\xa4\x95\xe0\xa5\x8b\xe0\xa4\xaa']
<class 'mumbai.models.DoesNotExist'>['3722', '\xe0\xa4\xac\xe0\xa4\x81\xe0\xa4\x95 \xe0\xa4\x91\xe0\xa4\xab \xe0\xa4\x87\xe0\xa4\x82\xe0\xa4\xa1\xe0\xa4\xbf\xe0\xa4\xaf\xe0\xa4\xbe (\xe0\xa4\x85\xe0\xa4\xa3\xe0\xa4\xbf\xe0\xa4\x95)']
<class 'mumbai.models.DoesNotExist'>['3723', '\xe0\xa4\xad\xe0\xa4\x95\xe0\xa5\x8d\xe0\xa4\xa4\xe0\xa5\x80 \xe0\xa4\xaa\xe0\xa4\xbe\xe0\xa4\xb0\xe0\xa5\x8d\xe0\xa4\x95 \xe0\xa4\x95\xe0\xa5\x89\xe0\xa4\xae\xe0\xa5\x8d\xe0\xa4\xaa\xe0\xa4\xb2\xe0\xa5\x87\xe0\xa4\x95\xe0\xa5\x8d\xe0\xa4\xb8']
<class 'mumbai.models.DoesNotExist'>['3732', '\xe0\xa4\xae\xe0\xa5\x81\xe0\xa4\xb2\xe0\xa5\x81\xe0\xa4\x82\xe0\xa4\xa1 \xe0\xa4\x9a\xe0\xa5\x87\xe0\xa4\x95 \xe0\xa4\xa8\xe0\xa4\xbe\xe0\xa4\x95\xe0\xa4\xbe (\xe0\xa4\xaa\xe0\xa5\x82)']
<class 'mumbai.models.DoesNotExist'>['3738', '\xe0\xa4\xb6\xe0\xa4\xbf\xe0\xa4\xae\xe0\xa4\xb2\xe0\xa4\xbe \xe0\xa4\xb9\xe0\xa4\xbe\xe0\xa4\x8a\xe0\xa4\xb8']
<class 'mumbai.models.DoesNotExist'>['3739', '\xe0\xa4\xb8\xe0\xa5\x8b\xe0\xa4\xae\xe0\xa5\x88\xe0\xa4\xaf\xe0\xa4\xbe \xe0\xa4\x95\xe0\xa5\x89\xe0\xa4\xb2\xe0\xa5\x87\xe0\xa4\x9c (\xe0\xa4\xb5\xe0\xa4\xbf\xe0\xa4\xa6\xe0\xa5\x8d\xe0\xa4\xaf\xe0\xa4\xbe\xe0\xa4\xb5\xe0\xa4\xbf\xe0\xa4\xb9\xe0\xa4\xbe\xe0\xa4\xb0)']
<class 'mumbai.models.DoesNotExist'>['3747', '\xe0\xa4\x95\xe0\xa4\xb2\xe0\xa5\x8d\xe0\xa4\xaa\xe0\xa4\xa8\xe0\xa4\xbe \xe0\xa4\x9a\xe0\xa4\xbe\xe0\xa4\xb5\xe0\xa4\xb2\xe0\xa4\xbe \xe0\xa4\x9a\xe0\xa5\x8c\xe0\xa4\x95']
<class 'mumbai.models.DoesNotExist'>['3749', '\xe0\xa4\x86\xe0\xa4\xa4\xe0\xa5\x8d\xe0\xa4\xae\xe0\xa4\xbe\xe0\xa4\xb0\xe0\xa4\xbe\xe0\xa4\xae \xe0\xa4\x9f\xe0\xa5\x89\xe0\xa4\xb5\xe0\xa4\xb0']
<class 'mumbai.models.DoesNotExist'>['3755', '\xe0\xa4\x8f\xe0\xa4\xae. \xe0\xa4\x8f\xe0\xa4\x9a,. \xe0\xa4\xac\xe0\xa5\x80. \xe0\xa4\x95\xe0\xa5\x89\xe0\xa4\xb2\xe0\xa5\x8b\xe0\xa4\xa8\xe0\xa5\x80 (\xe0\xa4\x9c\xe0\xa5\x8b\xe0\xa4\x97\xe0\xa5\x87\xe0\xa4\xb6\xe0\xa5\x8d\xe0\xa4\xb5\xe0\xa4\xb0\xe0\xa5\x80)']
<class 'mumbai.models.DoesNotExist'>['3762', '\xe0\xa4\xb8\xe0\xa4\xa4\xe0\xa5\x8d\xe0\xa4\xaf\xe0\xa4\xae \xe0\xa4\xac\xe0\xa4\xbf\xe0\xa4\xb2\xe0\xa4\xa1\xe0\xa5\x80\xe0\xa4\x82\xe0\xa4\x97']
<class 'mumbai.models.DoesNotExist'>['3764', '\xe0\xa4\xb0\xe0\xa4\xb9\xe0\xa5\x87\xe0\xa4\x9c\xe0\xa4\xbe \xe0\xa4\x95\xe0\xa5\x89\xe0\xa4\x82\xe0\xa4\xae\xe0\xa5\x8d\xe0\xa4\xaa\xe0\xa4\xb2\xe0\xa5\x87\xe0\xa4\x95\xe0\xa5\x8d\xe0\xa4\xb8 (\xe0\xa4\xac\xe0\xa5\x8b\xe0\xa4\xb0\xe0\xa5\x80\xe0\xa4\xb5\xe0\xa4\xb2\xe0\xa5\x80)']
<class 'mumbai.models.DoesNotExist'>['3766', '\xe0\xa4\xa1\xe0\xa5\x89. \xe0\xa4\xa8\xe0\xa5\x89\xe0\xa4\xb0\xe0\xa5\x8d\xe0\xa4\xae\xe0\xa4\xa8 \xe0\xa4\xab\xe0\xa5\x8d\xe0\xa4\xb0\xe0\xa4\xbe\xe0\xa4\x82\xe0\xa4\xb8\xe0\xa4\xbf\xe0\xa4\xb8 \xe0\xa4\xb2\xe0\xa5\x87\xe0\xa4\xb5\xe0\xa4\xbf\xe0\xa4\x9c \xe0\xa4\x9a\xe0\xa5\x8c\xe0\xa4\x95']
<class 'mumbai.models.DoesNotExist'>['3769', '\xe0\xa4\xa6\xe0\xa5\x87\xe0\xa4\xb5\xe0\xa4\xa8\xe0\xa4\xbe\xe0\xa4\xb0 \xe0\xa4\x97\xe0\xa4\xbe\xe0\xa4\xb5']
<class 'mumbai.models.DoesNotExist'>['3771', '\xe0\xa4\xae\xe0\xa4\xb9\xe0\xa4\xbe\xe0\xa4\xb2\xe0\xa4\x95\xe0\xa5\x8d\xe0\xa4\xb7\xe0\xa5\x8d\xe0\xa4\xae\xe0\xa5\x80 \xe0\xa4\xae\xe0\xa4\x82\xe0\xa4\xa6\xe0\xa4\xbf\xe0\xa4\xb0 (\xe0\xa4\xa6\xe0\xa5\x87\xe0\xa4\xb5\xe0\xa4\xa8\xe0\xa4\xbe\xe0\xa4\xb0)']
<class 'mumbai.models.DoesNotExist'>['3777', '\xe0\xa4\x86\xe0\xa4\x95\xe0\xa4\xbe\xe0\xa4\xb6\xe0\xa4\x97\xe0\xa4\x82\xe0\xa4\x97\xe0\xa4\xbe \xe0\xa4\xb8\xe0\xa5\x8b\xe0\xa4\xb8\xe0\xa4\xbe\xe0\xa4\xaf\xe0\xa4\x9f\xe0\xa5\x80 (\xe0\xa4\xa7\xe0\xa4\xbe\xe0\xa4\xb0\xe0\xa4\xbe\xe0\xa4\xb5\xe0\xa5\x80)']
<class 'mumbai.models.DoesNotExist'>['3782', '\xe0\xa4\x9c\xe0\xa5\x88\xe0\xa4\xa8 \xe0\xa4\xae\xe0\xa4\x82\xe0\xa4\xa6\xe0\xa4\xbf\xe0\xa4\xb0 (\xe0\xa4\x98\xe0\xa5\x8b\xe0\xa4\xa1\xe0\xa4\xac\xe0\xa4\x82\xe0\xa4\xa6\xe0\xa4\xb0)']
<class 'mumbai.models.DoesNotExist'>['3786', '\xe0\xa4\x97\xe0\xa4\xbe\xe0\xa4\xaf \xe0\xa4\xae\xe0\xa5\x81\xe0\xa4\x96']
<class 'mumbai.models.DoesNotExist'>['3788', '\xe0\xa4\x93\xe0\xa4\xb5\xe0\xa4\xb3\xe0\xa5\x87 \xe0\xa4\x97\xe0\xa4\xbe\xe0\xa4\xb5']
<class 'mumbai.models.DoesNotExist'>['3790', '\xe0\xa4\x86\xe0\xa4\x82\xe0\xa4\xa8\xe0\xa4\xa6 \xe0\xa4\xa8\xe0\xa4\x97\xe0\xa4\xb0 \xe0\xa4\x98\xe0\xa5\x8b\xe0\xa4\xa1\xe0\xa4\xac\xe0\xa4\x82\xe0\xa4\xa6\xe0\xa4\xb0']
<class 'mumbai.models.DoesNotExist'>['3793', '\xe0\xa4\xb5\xe0\xa4\xbe\xe0\xa4\x98 \xe0\xa4\xac\xe0\xa4\xbf\xe0\xa4\xb3']
<class 'mumbai.models.DoesNotExist'>['3794', '\xe0\xa4\xa1\xe0\xa5\x8b\xe0\xa4\x82\xe0\xa4\x97\xe0\xa4\xb0\xe0\xa5\x80\xe0\xa4\xaa\xe0\xa4\xbe\xe0\xa4\xa1\xe0\xa4\xbe']
<class 'mumbai.models.DoesNotExist'>['3802', '\xe0\xa4\xb8\xe0\xa4\xbf\xe0\xa4\xa6\xe0\xa5\x8d\xe0\xa4\xa7\xe0\xa5\x80\xe0\xa4\xb5\xe0\xa4\xbf\xe0\xa4\xa8\xe0\xa4\xbe\xe0\xa4\xaf\xe0\xa4\x95 \xe0\xa4\xa8\xe0\xa4\x97\xe0\xa4\xb0']
<class 'mumbai.models.DoesNotExist'>['3804', '\xe0\xa4\xb2\xe0\xa5\x81\xe0\xa4\x88\xe0\xa4\xb8 \xe0\xa4\xb5\xe0\xa4\xbe\xe0\xa4\xa1\xe0\xa5\x80']
<class 'mumbai.models.DoesNotExist'>['3808', '\xe0\xa4\xa6\xe0\xa4\xb5\xe0\xa4\xbe \xe0\xa4\xac\xe0\xa4\xbe\xe0\xa4\x9d\xe0\xa4\xbe\xe0\xa4\xb0']
<class 'mumbai.models.DoesNotExist'>['3811', '\xe0\xa4\x97\xe0\xa5\x8d\xe0\xa4\xb0\xe0\xa5\x80\xe0\xa4\xa8 \xe0\xa4\xae\xe0\xa4\xbf\xe0\xa4\xa1\xe0\xa5\x8b\xe0\xa4\x9c (\xe0\xa4\x95\xe0\xa4\xbe\xe0\xa4\x82\xe0\xa4\xa6\xe0\xa5\x80\xe0\xa4\xb5\xe0\xa4\xb2\xe0\xa5\x80)']
<class 'mumbai.models.DoesNotExist'>['3812', '\xe0\xa4\xb6\xe0\xa5\x8d\xe0\xa4\xb0\xe0\xa5\x80 \xe0\xa4\x95\xe0\xa5\x83\xe0\xa4\xb7\xe0\xa5\x8d\xe0\xa4\xa3\xe0\xa4\xbe \xe0\xa4\xa8\xe0\xa4\x97\xe0\xa4\xb0 (\xe0\xa4\x95\xe0\xa4\xb2\xe0\xa5\x80\xe0\xa4\xa8\xe0\xa4\xbe)']
<class 'mumbai.models.DoesNotExist'>['3813', '\xe0\xa4\xab\xe0\xa4\xbe\xe0\xa4\xaf\xe0\xa4\xb0 \xe0\xa4\xac\xe0\xa5\x8d\xe0\xa4\xb0\xe0\xa4\xbf\xe0\xa4\x97\xe0\xa5\x87\xe0\xa4\xa1 \xe0\xa4\x9c\xe0\xa4\x82\xe0\xa4\x95\xe0\xa5\x8d\xe0\xa4\xb6\xe0\xa4\xa8 (\xe0\xa4\x85\xe0\xa4\x82\xe0\xa4\x9f\xe0\xa5\x89\xe0\xa4\xaa \xe0\xa4\xb9\xe0\xa4\xbf\xe0\xa4\xb2)']
<class 'mumbai.models.DoesNotExist'>['3817', '\xe0\xa4\xa1\xe0\xa5\x89. \xe0\xa4\xac\xe0\xa4\xbe\xe0\xa4\xac\xe0\xa4\xbe\xe0\xa4\xb8\xe0\xa4\xbe\xe0\xa4\xb9\xe0\xa5\x87\xe0\xa4\xac \xe0\xa4\x86\xe0\xa4\x82\xe0\xa4\xac\xe0\xa5\x87\xe0\xa4\xa1\xe0\xa4\x95\xe0\xa4\xb0 \xe0\xa4\x9a\xe0\xa5\x8c\xe0\xa4\x95 (\xe0\xa4\x95\xe0\xa4\xb2\xe0\xa5\x80\xe0\xa4\xa8\xe0\xa4\xbe)']
<class 'mumbai.models.DoesNotExist'>['3818', '\xe0\xa4\x95\xe0\xa4\xaa\xe0\xa4\xbf\xe0\xa4\xb2 \xe0\xa4\xac\xe0\xa5\x81\xe0\xa4\xa6\xe0\xa5\x8d\xe0\xa4\xa7\xe0\xa4\xb5\xe0\xa4\xbf\xe0\xa4\xb9\xe0\xa4\xbe\xe0\xa4\xb0 (\xe0\xa4\x95\xe0\xa4\xb2\xe0\xa5\x80\xe0\xa4\xa8\xe0\xa4\xbe)']
<class 'mumbai.models.DoesNotExist'>['3819', '\xe0\xa4\xb8\xe0\xa4\xbe\xe0\xa4\x88 \xe0\xa4\xae\xe0\xa4\x82\xe0\xa4\xa6\xe0\xa4\xbf\xe0\xa4\xb0 (\xe0\xa4\x98\xe0\xa4\xbe\xe0\xa4\x9f\xe0\xa4\x95\xe0\xa5\x8b\xe0\xa4\xaa\xe0\xa4\xb0)']
<class 'mumbai.models.DoesNotExist'>['3820', '\xe0\xa4\xb0\xe0\xa5\x87\xe0\xa4\xb2\xe0\xa5\x8d\xe0\xa4\xb5\xe0\xa5\x87 \xe0\xa4\xaa\xe0\xa5\x8b\xe0\xa4\xb2\xe0\xa4\xbf\xe0\xa4\xb8 \xe0\xa4\x95\xe0\xa5\x89\xe0\xa4\xb2\xe0\xa5\x8b\xe0\xa4\xa8\xe0\xa5\x80 (\xe0\xa4\x98\xe0\xa4\xbe\xe0\xa4\x9f\xe0\xa4\x95\xe0\xa5\x8b\xe0\xa4\xaa\xe0\xa4\xb0)']
<class 'mumbai.models.DoesNotExist'>['3821', '\xe0\xa4\x97\xe0\xa4\xb0\xe0\xa4\xbf\xe0\xa4\xac \xe0\xa4\xa8\xe0\xa4\x97\xe0\xa4\xb0']
<class 'mumbai.models.DoesNotExist'>['3825', '\xe0\xa4\x86\xe0\xa4\xa8\xe0\xa4\x82\xe0\xa4\xa6 \xe0\xa4\xa8\xe0\xa4\x97\xe0\xa4\xb0 \xe0\xa4\x9f\xe0\xa5\x8b\xe0\xa4\xb2 \xe0\xa4\xa8\xe0\xa4\xbe\xe0\xa4\x95\xe0\xa4\xbe (\xe0\xa4\xa0\xe0\xa4\xbe\xe0\xa4\xa3\xe0\xa5\x87)']
<class 'mumbai.models.DoesNotExist'>['3828', '\xe0\xa4\x97\xe0\xa4\xbe\xe0\xa4\xb5\xe0\xa4\xa6\xe0\xa5\x87\xe0\xa4\xb5\xe0\xa5\x80 \xe0\xa4\xae\xe0\xa4\x82\xe0\xa4\xa6\xe0\xa4\xbf\xe0\xa4\xb0 (\xe0\xa4\xa0\xe0\xa4\xbe\xe0\xa4\xa3\xe0\xa5\x87)']
<class 'mumbai.models.DoesNotExist'>['3830', '\xe0\xa4\xae\xe0\xa5\x8d\xe0\xa4\xaf\xe0\xa5\x81\xe0\xa4\xa8\xe0\xa4\xb8\xe0\xa4\xbf\xe0\xa4\xaa\xe0\xa4\xb2 \xe0\xa4\x97\xe0\xa4\xbe\xe0\xa4\xb0\xe0\xa5\x8d\xe0\xa4\xa1\xe0\xa4\xa8 (\xe0\xa4\xb6\xe0\xa4\xbf\xe0\xa4\x82\xe0\xa4\xaa\xe0\xa5\x8b\xe0\xa4\xb3\xe0\xa5\x80)']
<class 'mumbai.models.DoesNotExist'>['3831', '\xe0\xa4\xae\xe0\xa5\x8d\xe0\xa4\xaf\xe0\xa5\x81\xe0\xa4\xa8\xe0\xa4\xb8\xe0\xa4\xbf\xe0\xa4\xaa\xe0\xa4\xb2 \xe0\xa4\xaa\xe0\xa4\x82\xe0\xa4\xaa\xe0\xa4\xbf\xe0\xa4\x97 \xe0\xa4\x95\xe0\xa5\x87\xe0\xa4\x82\xe0\xa4\xa6\xe0\xa5\x8d\xe0\xa4\xb0 (\xe0\xa4\xb6\xe0\xa4\xbf\xe0\xa4\x82\xe0\xa4\xaa\xe0\xa5\x8b\xe0\xa4\xb3\xe0\xa5\x80)']
<class 'mumbai.models.DoesNotExist'>['3832', '\xe0\xa4\x86\xe0\xa4\xaf. \xe0\xa4\xac\xe0\xa5\x80. \xe0\xa4\xaa\xe0\xa5\x80. \xe0\xa4\xaa\xe0\xa5\x87\xe0\xa4\x9f\xe0\xa5\x8d\xe0\xa4\xb0\xe0\xa5\x8b\xe0\xa4\xb2 \xe0\xa4\xaa\xe0\xa4\x82\xe0\xa4\xaa']
<class 'mumbai.models.DoesNotExist'>['3833', '\xe0\xa4\x95\xe0\xa5\x8b\xe0\xa4\x95\xe0\xa4\xbe\xe0\xa4\xb0\xe0\xa5\x80 \xe0\xa4\x86\xe0\xa4\x97\xe0\xa4\xbe\xe0\xa4\xb0']
<class 'mumbai.models.DoesNotExist'>['3834', '\xe0\xa4\xb8\xe0\xa5\x81\xe0\xa4\xa6\xe0\xa4\xbe\xe0\xa4\xae\xe0\xa4\xbe \xe0\xa4\xa8\xe0\xa4\x97\xe0\xa4\xb0']
<class 'mumbai.models.DoesNotExist'>['3835', '\xe0\xa4\x9c\xe0\xa4\xbe\xe0\xa4\x97\xe0\xa4\xb0\xe0\xa4\xa6\xe0\xa5\x87\xe0\xa4\xb5 \xe0\xa4\x95\xe0\xa4\x82\xe0\xa4\xaa\xe0\xa4\xbe\xe0\xa4\x8a\xe0\xa4\xa1']
<class 'mumbai.models.DoesNotExist'>['3839', '\xe0\xa4\x9a\xe0\xa4\xbe\xe0\xa4\x82\xe0\xa4\xa6\xe0\xa5\x80\xe0\xa4\xb5\xe0\xa4\xb2\xe0\xa5\x80 \xe0\xa4\x97\xe0\xa4\xbe\xe0\xa4\xb5']
<class 'mumbai.models.DoesNotExist'>['3840', '\xe0\xa4\xae\xe0\xa4\xbe\xe0\xa4\xb0\xe0\xa4\xb5\xe0\xa4\xbe \xe0\xa4\x87\xe0\xa4\x82\xe0\xa4\xa1\xe0\xa4\xb8\xe0\xa5\x8d\xe0\xa4\x9f\xe0\xa5\x8d\xe0\xa4\xb0\xe0\xa4\xbf\xe0\xa4\xaf\xe0\xa4\xb2 \xe0\xa4\x87\xe0\xa4\xb8\xe0\xa5\x8d\xe0\xa4\x9f\xe0\xa5\x87\xe0\xa4\x9f']
<class 'mumbai.models.DoesNotExist'>['3841', '\xe0\xa4\x9f\xe0\xa4\xbe\xe0\xa4\x9f\xe0\xa4\xbe \xe0\xa4\xaa\xe0\xa4\xbe\xe0\xa4\xb5\xe0\xa4\xb0 \xe0\xa4\xb8\xe0\xa5\x87\xe0\xa4\x82\xe0\xa4\x9f\xe0\xa4\xb0 (\xe0\xa4\xae\xe0\xa4\xb0\xe0\xa5\x8b\xe0\xa4\xb3)']
<class 'mumbai.models.DoesNotExist'>['3842', '\xe0\xa4\x95\xe0\xa4\xb2\xe0\xa5\x8d\xe0\xa4\xaf\xe0\xa4\xbe\xe0\xa4\xa3 \xe0\xa4\xa8\xe0\xa4\x97\xe0\xa4\xb0 (\xe0\xa4\xae\xe0\xa4\xb0\xe0\xa5\x8b\xe0\xa4\xb3)']
<class 'mumbai.models.DoesNotExist'>['3845', '\xe0\xa4\xad\xe0\xa4\xbe\xe0\xa4\xb0\xe0\xa4\xa4\xe0\xa5\x80 \xe0\xa4\xb5\xe0\xa4\xbf\xe0\xa4\xa6\xe0\xa5\x8d\xe0\xa4\xaf\xe0\xa4\xbe\xe0\xa4\xaa\xe0\xa5\x80\xe0\xa4\xa0']
<class 'mumbai.models.DoesNotExist'>['3852', '\xe0\xa4\x95\xe0\xa5\x8b\xe0\xa4\xaa\xe0\xa4\xb0\xe0\xa4\xbe \xe0\xa4\x97\xe0\xa4\xbe\xe0\xa4\xb5']
<class 'mumbai.models.DoesNotExist'>['3856', '\xe0\xa4\x95\xe0\xa4\xb3\xe0\xa4\x82\xe0\xa4\xac\xe0\xa5\x8b\xe0\xa4\xb2\xe0\xa5\x80 \xe0\xa4\x95\xe0\xa5\x89\xe0\xa4\xb2\xe0\xa5\x8b\xe0\xa4\xa8\xe0\xa5\x80']
<class 'mumbai.models.DoesNotExist'>['3857', '\xe0\xa4\x8f\xe0\xa4\xae.\xe0\xa4\x9c\xe0\xa5\x80. \xe0\xa4\x8f\xe0\xa4\xae. \xe0\xa4\xb9\xe0\xa5\x89\xe0\xa4\xb8\xe0\xa4\xaa\xe0\xa4\xbf\xe0\xa4\x9f\xe0\xa4\xb2 / \xe0\xa4\xaa\xe0\xa4\xa8\xe0\xa4\xb5\xe0\xa5\x87\xe0\xa4\xb2 \xe0\xa4\xa8\xe0\xa4\xbe\xe0\xa4\x95\xe0\xa4\xbe']
<class 'mumbai.models.DoesNotExist'>['3858', '\xe0\xa4\x95\xe0\xa4\xb3\xe0\xa4\x82\xe0\xa4\xac\xe0\xa5\x8b\xe0\xa4\xb2\xe0\xa5\x80 \xe0\xa4\x97\xe0\xa4\xbe\xe0\xa4\xb5']
<class 'mumbai.models.DoesNotExist'>['3860', '\xe0\xa4\x95\xe0\xa4\xb3\xe0\xa4\x82\xe0\xa4\xac\xe0\xa5\x8b\xe0\xa4\xb2\xe0\xa5\x80 \xe0\xa4\xab\xe0\xa4\xbe\xe0\xa4\xaf\xe0\xa4\xb0 \xe0\xa4\xac\xe0\xa5\x8d\xe0\xa4\xb0\xe0\xa4\xbf\xe0\xa4\x97\xe0\xa5\x87\xe0\xa4\xa1']
<class 'mumbai.models.DoesNotExist'>['3861', '\xe0\xa4\x95\xe0\xa4\xb3\xe0\xa4\x82\xe0\xa4\xac\xe0\xa5\x8b\xe0\xa4\xb2\xe0\xa5\x80 \xe0\xa4\xac\xe0\xa4\xb8 \xe0\xa4\xb8\xe0\xa5\x8d\xe0\xa4\xa5\xe0\xa4\xbe\xe0\xa4\xa8\xe0\xa4\x95']
<class 'mumbai.models.DoesNotExist'>['3864', '\xe0\xa4\x97\xe0\xa5\x8b\xe0\xa4\x95\xe0\xa5\x81\xe0\xa4\xb2 \xe0\xa4\xb9\xe0\xa5\x87\xe0\xa4\xb5\xe0\xa4\xa8']
<class 'mumbai.models.DoesNotExist'>['3871', '\xe0\xa4\x95\xe0\xa5\x8b\xe0\xa4\xb2\xe0\xa4\xac\xe0\xa4\xbe\xe0\xa4\xa1']
<class 'mumbai.models.DoesNotExist'>['3876', '\xe0\xa4\x8f\xe0\xa4\xae. \xe0\xa4\x86\xe0\xa4\xaf. \xe0\xa4\xa1\xe0\xa5\x80. \xe0\xa4\xb8\xe0\xa5\x80. / \xe0\xa4\xaa\xe0\xa4\xbe\xe0\xa4\xb8\xe0\xa4\xaa\xe0\xa5\x8b\xe0\xa4\xb0\xe0\xa5\x8d\xe0\xa4\x9f \xe0\xa4\x95\xe0\xa4\xbe\xe0\xa4\xb0\xe0\xa5\x8d\xe0\xa4\xaf\xe0\xa4\xbe\xe0\xa4\xb2\xe0\xa4\xaf']
<class 'mumbai.models.DoesNotExist'>['3877', '\xe0\xa4\x95\xe0\xa4\xbf\xe0\xa4\xb8\xe0\xa4\xa8 \xe0\xa4\xa8\xe0\xa4\x97\xe0\xa4\xb0 \xe0\xa4\x9c\xe0\xa4\x82\xe0\xa4\x95\xe0\xa5\x8d\xe0\xa4\xb6\xe0\xa4\xa8']
<class 'mumbai.models.DoesNotExist'>['3881', '\xe0\xa4\x9c\xe0\xa5\x8d\xe0\xa4\x9e\xe0\xa4\xbe\xe0\xa4\xa8\xe0\xa5\x8b\xe0\xa4\xa6\xe0\xa4\xaf \xe0\xa4\xb5\xe0\xa4\xbf\xe0\xa4\xa6\xe0\xa5\x8d\xe0\xa4\xaf\xe0\xa4\xbe\xe0\xa4\xb2\xe0\xa4\xaf']
<class 'mumbai.models.DoesNotExist'>['3882', '\xe0\xa4\xb2\xe0\xa5\x8b\xe0\xa4\x95\xe0\xa4\xae\xe0\xa4\xbe\xe0\xa4\xa8\xe0\xa5\x8d\xe0\xa4\xaf \xe0\xa4\xa8\xe0\xa4\x97\xe0\xa4\xb0 (\xe0\xa4\xa0\xe0\xa4\xbe\xe0\xa4\xa3\xe0\xa5\x87)']
<class 'mumbai.models.DoesNotExist'>['3883', '\xe0\xa4\x9c\xe0\xa4\xbe\xe0\xa4\xae\xe0\xa4\xbe \xe0\xa4\xae\xe0\xa4\xb8\xe0\xa5\x8d\xe0\xa4\x9c\xe0\xa4\xbf\xe0\xa4\xa6 (\xe0\xa4\xae\xe0\xa4\xbf\xe0\xa4\xb0\xe0\xa4\xbe \xe0\xa4\xb0\xe0\xa5\x8b\xe0\xa4\xa1)']
<class 'mumbai.models.DoesNotExist'>['3884', '\xe0\xa4\x97\xe0\xa4\x82\xe0\xa4\x97\xe0\xa4\xbe \xe0\xa4\x95\xe0\xa5\x85\xe0\xa4\xae\xe0\xa5\x8d\xe0\xa4\xaa (\xe0\xa4\xae\xe0\xa4\xbf\xe0\xa4\xb0\xe0\xa4\xbe \xe0\xa4\xb0\xe0\xa5\x8b\xe0\xa4\xa1)']
<class 'mumbai.models.DoesNotExist'>['3885', '\xe0\xa4\xb2\xe0\xa5\x8b\xe0\xa4\xa7\xe0\xa4\xbe \xe0\xa4\x95\xe0\xa5\x89\xe0\xa4\xae\xe0\xa5\x8d\xe0\xa4\xaa\xe0\xa4\xb2\xe0\xa5\x87\xe0\xa4\x95\xe0\xa5\x8d\xe0\xa4\xb8 (\xe0\xa4\xae\xe0\xa4\xbf\xe0\xa4\xb0\xe0\xa4\xbe \xe0\xa4\xb0\xe0\xa5\x8b\xe0\xa4\xa1)']
<class 'mumbai.models.DoesNotExist'>['3890', '\xe0\xa4\xad\xe0\xa4\xbe\xe0\xa4\xaf\xe0\xa4\xa6\xe0\xa4\x82\xe0\xa4\xb0 \xe0\xa4\xaa\xe0\xa5\x8b\xe0\xa4\xb2\xe0\xa4\xbf\xe0\xa4\xb8 \xe0\xa4\xb8\xe0\xa5\x8d\xe0\xa4\x9f\xe0\xa5\x87\xe0\xa4\xb6\xe0\xa4\xa8']
<class 'mumbai.models.DoesNotExist'>['3891', '\xe0\xa4\xae\xe0\xa4\xbf\xe0\xa4\xb0\xe0\xa4\xbe - \xe0\xa4\xad\xe0\xa4\xbe\xe0\xa4\xaf\xe0\xa4\xa6\xe0\xa4\x82\xe0\xa4\xb0 \xe0\xa4\xae\xe0\xa5\x8d\xe0\xa4\xaf\xe0\xa5\x81\xe0\xa4\xa8\xe0\xa4\xbf\xe0\xa4\xb8\xe0\xa4\xbf\xe0\xa4\xaa\xe0\xa4\xb2 \xe0\xa4\xae\xe0\xa5\x81\xe0\xa4\x96\xe0\xa5\x8d\xe0\xa4\xaf \xe0\xa4\x95\xe0\xa4\xbe\xe0\xa4\xb0\xe0\xa5\x8d\xe0\xa4\xaf\xe0\xa4\xbe\xe0\xa4\xb2\xe0\xa4\xaf']
<class 'mumbai.models.DoesNotExist'>['3894', '\xe0\xa4\xad\xe0\xa4\xbe\xe0\xa4\xaf\xe0\xa4\xa6\xe0\xa4\x82\xe0\xa4\xb0 \xe0\xa4\xb0\xe0\xa5\x87\xe0\xa4\xb2\xe0\xa5\x8d\xe0\xa4\xb5\xe0\xa5\x87 \xe0\xa4\xb8\xe0\xa5\x8d\xe0\xa4\xa5\xe0\xa4\xbe\xe0\xa4\xa8\xe0\xa4\x95 (\xe0\xa4\xaa)']
<class 'mumbai.models.DoesNotExist'>['3895', '\xe0\xa4\x8f\xe0\xa4\x95\xe0\xa4\xa4\xe0\xa4\xbe \xe0\xa4\xad\xe0\xa5\x81\xe0\xa4\xae\xe0\xa5\x80 \xe0\xa4\x95\xe0\xa5\x89\xe0\xa4\xae\xe0\xa5\x8d\xe0\xa4\xaa\xe0\xa4\xb2\xe0\xa5\x87\xe0\xa4\x95\xe0\xa5\x8d\xe0\xa4\xb8']
<class 'mumbai.models.DoesNotExist'>['3896', '\xe0\xa4\x86\xe0\xa4\xaf. \xe0\xa4\xb8\xe0\xa5\x80. \xe0\xa4\x86\xe0\xa4\xaf. \xe0\xa4\xb8\xe0\xa5\x80. \xe0\xa4\x86\xe0\xa4\xaf. \xe0\xa4\xac\xe0\xa4\x81\xe0\xa4\x95 / \xe0\xa4\xb8\xe0\xa4\xbf\xe0\xa4\x82\xe0\xa4\xb9\xe0\xa4\x97\xe0\xa4\xa1 \xe0\xa4\x95\xe0\xa5\x89\xe0\xa4\xb2\xe0\xa5\x87\xe0\xa4\x9c (\xe0\xa4\x9a\xe0\xa4\xbe\xe0\xa4\x82\xe0\xa4\xa6\xe0\xa5\x80\xe0\xa4\xb5\xe0\xa4\xb2\xe0\xa5\x80)']
<class 'mumbai.models.DoesNotExist'>['3897', '\xe0\xa4\xb5\xe0\xa4\xbf\xe0\xa4\x95\xe0\xa5\x8d\xe0\xa4\xb0\xe0\xa5\x8b\xe0\xa4\xb3\xe0\xa5\x80 \xe0\xa4\x95\xe0\xa5\x8b\xe0\xa4\xb0\xe0\xa5\x8d\xe0\xa4\x9f']
<class 'mumbai.models.DoesNotExist'>['3900', '\xe0\xa4\x86\xe0\xa4\xaf. \xe0\xa4\x86\xe0\xa4\xb0. \xe0\xa4\xac\xe0\xa5\x80. (\xe0\xa4\xaa\xe0\xa4\xb5\xe0\xa4\x88)']
<class 'mumbai.models.DoesNotExist'>['3915', '\xe0\xa4\x9a\xe0\xa4\xbf\xe0\xa4\x82\xe0\xa4\x9a\xe0\xa5\x8b\xe0\xa4\xb3\xe0\xa5\x80 \xe0\xa4\xa4\xe0\xa4\xb2\xe0\xa4\xbe\xe0\xa4\xb5 (\xe0\xa4\xa8\xe0\xa5\x87\xe0\xa4\xb0\xe0\xa5\x81\xe0\xa4\xb3)']
<class 'mumbai.models.DoesNotExist'>['3927', '\xe0\xa4\xa1\xe0\xa5\x89\xe0\xa4\xa8 \xe0\xa4\xac\xe0\xa5\x89\xe0\xa4\xb8\xe0\xa5\x8d\xe0\xa4\x95\xe0\xa5\x8b \xe0\xa4\xb8\xe0\xa5\x8d\xe0\xa4\x95\xe0\xa5\x81\xe0\xa4\xb2']
<class 'mumbai.models.DoesNotExist'>['3935', '\xe0\xa4\xa8\xe0\xa4\xb5\xe0\xa4\xb0\xe0\xa4\x82\xe0\xa4\x97 \xe0\xa4\xb9\xe0\xa5\x89\xe0\xa4\x9f\xe0\xa5\x87\xe0\xa4\xb2 (\xe0\xa4\x96\xe0\xa4\xbe\xe0\xa4\xb0\xe0\xa4\x98\xe0\xa4\xb0)']
<class 'mumbai.models.DoesNotExist'>['3949', '\xe0\xa4\xa1\xe0\xa5\x89. \xe0\xa4\x86\xe0\xa4\x82\xe0\xa4\xac\xe0\xa5\x87\xe0\xa4\xa1\xe0\xa4\x95\xe0\xa4\xb0 \xe0\xa4\x9a\xe0\xa5\x8c\xe0\xa4\x95 / \xe0\xa4\x87\xe0\xa4\x82\xe0\xa4\xa6\xe0\xa4\xbf\xe0\xa4\xb0\xe0\xa4\xbe \xe0\xa4\xa8\xe0\xa4\x97\xe0\xa4\xb0']
<class 'mumbai.models.DoesNotExist'>['3950', '\xe0\xa4\x9c\xe0\xa5\x8b\xe0\xa4\x97\xe0\xa5\x87\xe0\xa4\xb6\xe0\xa5\x8d\xe0\xa4\xb5\xe0\xa4\xb0\xe0\xa5\x80 - \xe0\xa4\xb5\xe0\xa4\xbf\xe0\xa4\x95\xe0\xa5\x8d\xe0\xa4\xb0\xe0\xa5\x8b\xe0\xa4\xb3\xe0\xa5\x80 \xe0\xa4\xb2\xe0\xa4\xbf\xe0\xa4\x82\xe0\xa4\x95 \xe0\xa4\xb0\xe0\xa5\x8b\xe0\xa4\xa1']
<class 'mumbai.models.DoesNotExist'>['3951', '\xe0\xa4\xb8\xe0\xa4\xbf\xe0\xa4\xa6\xe0\xa5\x8d\xe0\xa4\xa7\xe0\xa4\xbe\xe0\xa4\xb0\xe0\xa5\x8d\xe0\xa4\xa5 \xe0\xa4\xa8\xe0\xa4\x97\xe0\xa4\xb0 (\xe0\xa4\x95\xe0\xa4\xbe\xe0\xa4\x82\xe0\xa4\xa6\xe0\xa4\xbf\xe0\xa4\xb5\xe0\xa4\xb2\xe0\xa5\x80)']
<class 'mumbai.models.DoesNotExist'>['3952', '\xe0\xa4\xa7\xe0\xa4\xbf\xe0\xa4\xb0\xe0\xa4\x9c \xe0\xa4\x8f\xe0\xa4\xa8\xe0\xa4\x95\xe0\xa5\x8d\xe0\xa4\xb2\xe0\xa5\x87\xe0\xa4\xb5']
<class 'mumbai.models.DoesNotExist'>['3953', '\xe0\xa4\x85\xe0\xa4\xb6\xe0\xa5\x8b\xe0\xa4\x95 \xe0\xa4\xa8\xe0\xa4\x97\xe0\xa4\xb0 (\xe0\xa4\xac\xe0\xa5\x8b\xe0\xa4\xb0\xe0\xa5\x80\xe0\xa4\xb5\xe0\xa4\xb2\xe0\xa5\x80)']
<class 'mumbai.models.DoesNotExist'>['3954', '\xe0\xa4\xae\xe0\xa4\xb9\xe0\xa4\xbf\xe0\xa4\xb6\xe0\xa4\xbe\xe0\xa4\xb8\xe0\xa5\x81\xe0\xa4\xb0 \xe0\xa4\xae\xe0\xa4\xb0\xe0\xa5\x8d\xe0\xa4\xa6\xe0\xa5\x80\xe0\xa4\xa8\xe0\xa5\x80 \xe0\xa4\xae\xe0\xa4\x82\xe0\xa4\xa6\xe0\xa4\xbf\xe0\xa4\xb0']
<class 'mumbai.models.DoesNotExist'>['3957', '\xe0\xa4\x8f. \xe0\xa4\x8f\xe0\xa4\xb8. \xe0\xa4\x86\xe0\xa4\xaf. \xe0\xa4\x8f\xe0\xa4\xb8. \xe0\xa4\xb9\xe0\xa5\x89\xe0\xa4\xb8\xe0\xa5\x8d\xe0\xa4\xaa\xe0\xa4\xbf\xe0\xa4\x9f\xe0\xa4\xb2 (\xe0\xa4\xa0\xe0\xa4\xbe\xe0\xa4\x95\xe0\xa5\x81\xe0\xa4\xb0 \xe0\xa4\xb5\xe0\xa4\xbf\xe0\xa4\xb2\xe0\xa5\x87\xe0\xa4\x9c)']
<class 'mumbai.models.DoesNotExist'>['3964', '\xe0\xa4\x98\xe0\xa4\xa3\xe0\xa4\xb8\xe0\xa5\x8b\xe0\xa4\xb2\xe0\xa5\x80 \xe0\xa4\x97\xe0\xa4\xbe\xe0\xa4\xb5']
<class 'mumbai.models.DoesNotExist'>['3966', '\xe0\xa4\xb8\xe0\xa4\xbe\xe0\xa4\x88\xe0\xa4\xac\xe0\xa4\xbe\xe0\xa4\xac\xe0\xa4\xbe \xe0\xa4\xa8\xe0\xa4\x97\xe0\xa4\xb0 (\xe0\xa4\x97\xe0\xa5\x8b\xe0\xa4\xb2\xe0\xa5\x80\xe0\xa4\xac\xe0\xa4\xbe\xe0\xa4\xb0)']
<class 'mumbai.models.DoesNotExist'>['3967', '\xe0\xa4\xae\xe0\xa4\x9a\xe0\xa5\x8d\xe0\xa4\x9b\xe0\xa5\x80 \xe0\xa4\xae\xe0\xa4\xbe\xe0\xa4\xb0\xe0\xa5\x8d\xe0\xa4\x95\xe0\xa5\x87\xe0\xa4\x9f (\xe0\xa4\x97\xe0\xa5\x8b\xe0\xa4\xb2\xe0\xa5\x80\xe0\xa4\xac\xe0\xa4\xbe\xe0\xa4\xb0)']
<class 'mumbai.models.DoesNotExist'>['3973', '\xe0\xa4\xa0\xe0\xa4\xbe\xe0\xa4\xa3\xe0\xa5\x87 \xe0\xa4\xae\xe0\xa5\x8d\xe0\xa4\xaf\xe0\xa5\x81\xe0\xa4\xa8\xe0\xa4\xbf\xe0\xa4\xb8\xe0\xa4\xbf\xe0\xa4\xaa\xe0\xa4\xb2 \xe0\xa4\x95\xe0\xa4\xae\xe0\xa4\xbf\xe0\xa4\xb6\xe0\xa5\x8d\xe0\xa4\xa8\xe0\xa4\xb0 \xe0\xa4\xb9\xe0\xa4\xbe\xe0\xa4\x8a\xe0\xa4\xb8']
<class 'mumbai.models.DoesNotExist'>['3974', '\xe0\xa4\x8f\xe0\xa4\xb2. \xe0\xa4\x8f\xe0\xa4\xa3\xe0\xa5\x8d\xe0\xa4\xa1 \xe0\xa4\x9f\xe0\xa5\x80. \xe0\xa4\x97\xe0\xa5\x87\xe0\xa4\x9f \xe0\xa4\xa8\xe0\xa4\x82. 6']
<class 'mumbai.models.DoesNotExist'>['3975', '\xe0\xa4\xae\xe0\xa4\xa8\xe0\xa5\x87\xe0\xa4\x95\xe0\xa4\x9c\xe0\xa5\x80 \xe0\xa4\x95\xe0\xa5\x81\xe0\xa4\xaa\xe0\xa4\xb0 \xe0\xa4\xb8\xe0\xa5\x8d\xe0\xa4\x95\xe0\xa5\x81\xe0\xa4\xb2']
<class 'mumbai.models.DoesNotExist'>['3976', '\xe0\xa4\xb0\xe0\xa5\x87\xe0\xa4\xb2\xe0\xa5\x8d\xe0\xa4\xb5\xe0\xa5\x87 \xe0\xa4\xb8\xe0\xa4\x82\xe0\xa4\x95\xe0\xa4\xb2\xe0\xa5\x8d\xe0\xa4\xaa \xe0\xa4\x95\xe0\xa5\x89\xe0\xa4\xb2\xe0\xa5\x8b\xe0\xa4\xa8\xe0\xa5\x80']
<class 'mumbai.models.DoesNotExist'>['3979', '\xe0\xa4\xaa\xe0\xa5\x8c\xe0\xa4\xb7 \xe0\xa4\xae\xe0\xa4\xbe\xe0\xa4\xa4\xe0\xa4\xbe \xe0\xa4\xae\xe0\xa4\x82\xe0\xa4\xa6\xe0\xa4\xbf\xe0\xa4\xb0']
<class 'mumbai.models.DoesNotExist'>['3980', '\xe0\xa4\x95\xe0\xa4\xb2\xe0\xa4\xbe \xe0\xa4\xb5\xe0\xa4\xbf\xe0\xa4\xa6\xe0\xa5\x8d\xe0\xa4\xaf\xe0\xa4\xbe\xe0\xa4\xb2\xe0\xa4\xaf']
<class 'mumbai.models.DoesNotExist'>['3986', '\xe0\xa4\x96\xe0\xa4\xbe\xe0\xa4\xb0\xe0\xa4\x98\xe0\xa4\xb0 \xe0\xa4\xb8\xe0\xa5\x8d\xe0\xa4\x9f\xe0\xa5\x87\xe0\xa4\xb6\xe0\xa4\xa8 \xe0\xa4\xb8\xe0\xa4\xac\xe0\xa4\xb5\xe0\xa5\x87']
<class 'mumbai.models.DoesNotExist'>['3987', '\xe0\xa4\x97\xe0\xa5\x8b\xe0\xa4\xb5\xe0\xa4\x82\xe0\xa4\xa1\xe0\xa5\x80 \xe0\xa4\xb8\xe0\xa5\x8d\xe0\xa4\x9f\xe0\xa5\x87\xe0\xa4\xb6\xe0\xa4\xa8 (\xe0\xa4\xaa\xe0\xa5\x82)']
<class 'mumbai.models.DoesNotExist'>['3988', '\xe0\xa4\xb8\xe0\xa4\xbe\xe0\xa4\x88\xe0\xa4\xac\xe0\xa4\xbe\xe0\xa4\xac\xe0\xa4\xbe \xe0\xa4\xa8\xe0\xa4\x97\xe0\xa4\xb0 (\xe0\xa4\x95\xe0\xa4\xbe\xe0\xa4\x82\xe0\xa4\xa6\xe0\xa4\xbe\xe0\xa4\xb0 \xe0\xa4\xaa\xe0\xa4\xbe\xe0\xa4\xa1\xe0\xa4\xbe)']
<class 'mumbai.models.DoesNotExist'>['3994', '\xe0\xa4\xb9\xe0\xa4\xb0\xe0\xa4\xbf\xe0\xa4\xb7 \xe0\xa4\x8f\xe0\xa4\x82\xe0\xa4\x9f\xe0\xa4\xb0\xe0\xa4\xaa\xe0\xa5\x8d\xe0\xa4\xb0\xe0\xa4\xbe\xe0\xa4\x88\xe0\xa4\x9c']
<class 'mumbai.models.DoesNotExist'>['3995', '\xe0\xa4\xad\xe0\xa4\x95\xe0\xa5\x8d\xe0\xa4\xa4\xe0\xa5\x80 \xe0\xa4\xb5\xe0\xa5\x87\xe0\xa4\xa6\xe0\xa4\xbe\xe0\xa4\x82\xe0\xa4\xa4']
<class 'mumbai.models.DoesNotExist'>['3997', '\xe0\xa4\xb6\xe0\xa4\xbe\xe0\xa4\x82\xe0\xa4\xa4\xe0\xa5\x80\xe0\xa4\xa7\xe0\xa4\xbe\xe0\xa4\xae']
<class 'mumbai.models.DoesNotExist'>['4005', '\xe0\xa4\xb8\xe0\xa5\x8d\xe0\xa4\xb5\xe0\xa4\xb8\xe0\xa5\x8d\xe0\xa4\xa4\xe0\xa4\xbf\xe0\xa4\x95 \xe0\xa4\xaa\xe0\xa4\xbe\xe0\xa4\xb0\xe0\xa5\x8d\xe0\xa4\x95']
<class 'mumbai.models.DoesNotExist'>['4006', '\xe0\xa4\xac\xe0\xa5\x8d\xe0\xa4\xb0\xe0\xa4\xae\xe0\xa5\x8d\xe0\xa4\xb9\xe0\xa4\xbe\xe0\xa4\xa8\xe0\xa4\x82\xe0\xa4\xa6 \xe0\xa4\xab\xe0\xa5\x87\xe0\xa4\x9c 6']
<class 'mumbai.models.DoesNotExist'>['4008', '\xe0\xa4\xaf\xe0\xa4\xb6\xe0\xa4\xb8\xe0\xa5\x8d\xe0\xa4\xb5\xe0\xa5\x80 \xe0\xa4\xa8\xe0\xa4\x97\xe0\xa4\xb0']
<class 'mumbai.models.DoesNotExist'>['4009', '\xe0\xa4\xac\xe0\xa4\xbe\xe0\xa4\xb2\xe0\xa4\x95\xe0\xa5\x81\xe0\xa4\xae \xe0\xa4\xa8\xe0\xa4\xbe\xe0\xa4\x95\xe0\xa4\xbe']
<class 'mumbai.models.DoesNotExist'>['4011', '\xe0\xa4\xa6\xe0\xa4\xbe\xe0\xa4\xa6\xe0\xa4\xb2\xe0\xa4\xbe\xe0\xa4\xa8\xe0\xa5\x80 \xe0\xa4\xaa\xe0\xa4\xbe\xe0\xa4\xb0\xe0\xa5\x8d\xe0\xa4\x95']
<class 'mumbai.models.DoesNotExist'>['4013', '\xe0\xa4\xa0\xe0\xa4\xbe\xe0\xa4\xa3\xe0\xa5\x87 \xe0\xa4\xb8\xe0\xa4\xbf\xe0\xa4\xb5\xe0\xa4\xbf\xe0\xa4\xb2 \xe0\xa4\xb9\xe0\xa5\x89\xe0\xa4\xb8\xe0\xa5\x8d\xe0\xa4\xaa\xe0\xa4\xbf\xe0\xa4\x9f\xe0\xa4\xb2']
<class 'mumbai.models.DoesNotExist'>['4024', '\xe0\xa4\xb0\xe0\xa4\xac\xe0\xa4\xbe\xe0\xa4\xb3\xe0\xa5\x87 \xe0\xa4\x97\xe0\xa4\xbe\xe0\xa4\xb5']
<class 'mumbai.models.DoesNotExist'>['4025', '\xe0\xa4\xa7\xe0\xa4\xbf\xe0\xa4\xb0\xe0\xa4\x9c \xe0\xa4\x8a\xe0\xa4\xaa\xe0\xa4\xb5\xe0\xa4\xa8']
<class 'mumbai.models.DoesNotExist'>['4062', '\xe0\xa4\x8f\xe0\xa4\xae. \xe0\xa4\xb8\xe0\xa5\x80. \xe0\xa4\x8f. \xe0\xa4\x95\xe0\xa5\x89\xe0\xa4\xae\xe0\xa5\x8d\xe0\xa4\xaa\xe0\xa4\xb2\xe0\xa5\x87\xe0\xa4\x95\xe0\xa5\x8d\xe0\xa4\xb8 \xe0\xa4\xac\xe0\xa5\x80. \xe0\xa4\x95\xe0\xa5\x87. \xe0\xa4\xb8\xe0\xa5\x80.']
<class 'mumbai.models.DoesNotExist'>['4074', '\xe0\xa4\x9c\xe0\xa5\x88\xe0\xa4\xa8 \xe0\xa4\xae\xe0\xa4\x82\xe0\xa4\xa6\xe0\xa4\xbf\xe0\xa4\xb0 \xe0\xa4\xae\xe0\xa5\x81\xe0\xa4\xb2\xe0\xa5\x81\xe0\xa4\x82\xe0\xa4\xa1 \xe0\xa4\xaa\xe0\xa5\x82\xe0\xa4\xb0\xe0\xa5\x8d\xe0\xa4\xb5']
<class 'mumbai.models.DoesNotExist'>['4075', '\xe0\xa4\xa8\xe0\xa4\xbf\xe0\xa4\xb2\xe0\xa4\xae \xe0\xa4\xa8\xe0\xa4\x97\xe0\xa4\xb0 \xe0\xa4\xab\xe0\xa5\x87\xe0\xa4\x9c 2']
<class 'mumbai.models.DoesNotExist'>['4078', '\xe0\xa4\x95\xe0\xa5\x8b\xe0\xa4\xaa\xe0\xa4\xb0\xe0\xa5\x80 \xe0\xa4\x9f\xe0\xa5\x87\xe0\xa4\xb2\xe0\xa5\x80\xe0\xa4\xab\xe0\xa5\x8b\xe0\xa4\xa8 \xe0\xa4\x8f\xe0\xa4\x95\xe0\xa5\x8d\xe0\xa4\xb8\xe0\xa4\x9a\xe0\xa5\x87\xe0\xa4\x82\xe0\xa4\x9c ']
<class 'mumbai.models.DoesNotExist'>['4079', '\xe0\xa4\xaa\xe0\xa5\x8d\xe0\xa4\xb0\xe0\xa5\x87\xe0\xa4\xae \xe0\xa4\xa8\xe0\xa4\x97\xe0\xa4\xb0 (\xe0\xa4\xa0\xe0\xa4\xbe\xe0\xa4\xa3\xe0\xa5\x87)']
<class 'mumbai.models.DoesNotExist'>['4081', '\xe0\xa4\x9c\xe0\xa5\x8d\xe0\xa4\x9e\xe0\xa4\xbe\xe0\xa4\xa8\xe0\xa5\x87\xe0\xa4\xb6\xe0\xa5\x8d\xe0\xa4\xb5\xe0\xa4\xb0 \xe0\xa4\xb5\xe0\xa4\xbf\xe0\xa4\xa6\xe0\xa5\x8d\xe0\xa4\xaf\xe0\xa4\xbe\xe0\xa4\xb2\xe0\xa4\xaf']
<class 'mumbai.models.DoesNotExist'>['4082', '\xe0\xa4\xac\xe0\xa4\x82\xe0\xa4\x97\xe0\xa4\xb0 \xe0\xa4\xaa\xe0\xa4\xbe\xe0\xa4\x96\xe0\xa4\xa1\xe0\xa5\x80']
<class 'mumbai.models.DoesNotExist'>['4083', '\xe0\xa4\xb0\xe0\xa5\x89\xe0\xa4\x95 \xe0\xa4\x8f\xe0\xa4\xb5\xe0\xa5\x8d\xe0\xa4\xb9\xe0\xa5\x87\xe0\xa4\xa8\xe0\xa5\x8d\xe0\xa4\xaf\xe0\xa5\x81']
<class 'mumbai.models.DoesNotExist'>['4105', '\xe0\xa4\x97\xe0\xa4\x9c\xe0\xa4\xa6\xe0\xa4\xb0 \xe0\xa4\xae\xe0\xa5\x8d\xe0\xa4\xaf\xe0\xa5\x81\xe0\xa4\xa8\xe0\xa4\xbf\xe0\xa4\xb8\xe0\xa5\x80\xe0\xa4\xaa\xe0\xa4\xb2 \xe0\xa4\xb6\xe0\xa4\xbe\xe0\xa4\xb3\xe0\xa4\xbe']
<class 'mumbai.models.DoesNotExist'>['4122', '\xe0\xa4\x85\xe0\xa4\xb2\xe0\xa5\x8d\xe0\xa4\xab\xe0\xa4\xbe \xe0\xa4\x95\xe0\xa4\xbf\xe0\xa4\xa1\xe0\xa5\x8d\xe0\xa4\xb8 \xe0\xa4\xb8\xe0\xa5\x87\xe0\xa4\x82\xe0\xa4\x9f\xe0\xa4\xb0']
<class 'mumbai.models.DoesNotExist'>['4128', '\xe0\xa4\xac\xe0\xa5\x8d\xe0\xa4\xb2\xe0\xa5\x89\xe0\xa4\xb8\xe0\xa4\xae \xe0\xa4\xb8\xe0\xa5\x8b\xe0\xa4\xb8\xe0\xa4\xbe\xe0\xa4\xaf\xe0\xa4\x9f\xe0\xa5\x80']
<class 'mumbai.models.DoesNotExist'>['4129', '\xe0\xa4\x95\xe0\xa4\xbf\xe0\xa4\x82\xe0\xa4\x97\xe0\xa4\xb8\xe0\xa5\x8d\xe0\xa4\x9f\xe0\xa4\xa8 \xe0\xa4\x8f\xe0\xa4\xb8. \xe0\xa4\x88. \xe0\xa4\x9d\xe0\xa5\x87\xe0\xa4\xa1. (\xe0\xa4\xaa\xe0\xa4\xb5\xe0\xa4\x88)']
<class 'mumbai.models.DoesNotExist'>['4131', '\xe0\xa4\xb6\xe0\xa4\xbf\xe0\xa4\xb5\xe0\xa4\xb0\xe0\xa4\xbe\xe0\xa4\x9c\xe0\xa5\x87 \xe0\xa4\x95\xe0\xa5\x89\xe0\xa4\xae\xe0\xa5\x8d\xe0\xa4\xaa\xe0\xa4\xb2\xe0\xa5\x87\xe0\xa4\x95\xe0\xa5\x8d\xe0\xa4\xb8 (\xe0\xa4\xae\xe0\xa4\xb2\xe0\xa4\xbe\xe0\xa4\xa1)']
<class 'mumbai.models.DoesNotExist'>['4134', '\xe0\xa4\x9c\xe0\xa5\x89\xe0\xa4\xaf \xe0\xa4\x86\xe0\xa4\xb7\xe0\xa4\xbf\xe0\xa4\xb6 (\xe0\xa4\xac\xe0\xa5\x8b\xe0\xa4\xb0\xe0\xa5\x80\xe0\xa4\xb5\xe0\xa4\xb2\xe0\xa5\x80)']
<class 'mumbai.models.DoesNotExist'>['4136', '\xe0\xa4\xb6\xe0\xa5\x87\xe0\xa4\xa0 \xe0\xa4\xa1\xe0\xa5\x80. \xe0\xa4\x8f\xe0\xa4\xae. \xe0\xa4\xb5\xe0\xa4\xbf\xe0\xa4\xa6\xe0\xa5\x8d\xe0\xa4\xaf\xe0\xa4\xbe\xe0\xa4\xb2\xe0\xa4\xaf']
<class 'mumbai.models.DoesNotExist'>['4157', '\xe0\xa4\xb8\xe0\xa4\xbe\xe0\xa4\x88 \xe0\xa4\x9a\xe0\xa4\xbf\xe0\xa4\xa4\xe0\xa5\x8d\xe0\xa4\xb0 \xe0\xa4\xb8\xe0\xa5\x8b\xe0\xa4\xb8\xe0\xa4\xbe\xe0\xa4\xaf\xe0\xa4\x9f\xe0\xa5\x80 (\xe0\xa4\x9a\xe0\xa4\xbe\xe0\xa4\xb0\xe0\xa4\x95\xe0\xa5\x8b\xe0\xa4\xaa)']
<class 'mumbai.models.DoesNotExist'>['4158', '\xe0\xa4\x9a\xe0\xa4\xbe\xe0\xa4\xb0\xe0\xa4\x95\xe0\xa5\x8b\xe0\xa4\xaa \xe0\xa4\x8f\xe0\xa4\x95\xe0\xa4\xa6\xe0\xa4\x82\xe0\xa4\xa4 \xe0\xa4\xb8\xe0\xa5\x8b\xe0\xa4\xb8\xe0\xa4\xbe\xe0\xa4\xaf\xe0\xa4\x9f\xe0\xa5\x80']
<class 'mumbai.models.DoesNotExist'>['4159', '\xe0\xa4\x9a\xe0\xa4\xbe\xe0\xa4\xb0\xe0\xa4\x95\xe0\xa5\x8b\xe0\xa4\xaa \xe0\xa4\xb8\xe0\xa5\x87\xe0\xa4\x95\xe0\xa5\x8d\xe0\xa4\x9f\xe0\xa4\xb0 9 / \xe0\xa4\x85\xe0\xa4\x95\xe0\xa5\x8d\xe0\xa4\xb7\xe0\xa4\xb0 \xe0\xa4\xb5\xe0\xa4\xbf\xe0\xa4\xa6\xe0\xa5\x8d\xe0\xa4\xaf\xe0\xa4\xbe\xe0\xa4\xb2\xe0\xa4\xaf']
<class 'mumbai.models.DoesNotExist'>['4167', '\xe0\xa4\xb8\xe0\xa4\xbe\xe0\xa4\x88\xe0\xa4\xa8\xe0\xa4\xbe\xe0\xa4\xa5 \xe0\xa4\xa8\xe0\xa4\x97\xe0\xa4\xb0 (\xe0\xa4\x98\xe0\xa5\x8b\xe0\xa4\xa1\xe0\xa4\xac\xe0\xa4\x82\xe0\xa4\xa6\xe0\xa4\xb0)']
<class 'mumbai.models.DoesNotExist'>['4168', '\xe0\xa4\xae\xe0\xa5\x8d\xe0\xa4\xaf\xe0\xa5\x81\xe0\xa4\x82\xe0\xa4\xb8\xe0\xa5\x8d\xe0\xa4\xaa\xe0\xa4\xbf\xe0\xa4\xb2 \xe0\xa4\x97\xe0\xa5\x85\xe0\xa4\xb0\xe0\xa5\x87\xe0\xa4\x9c (\xe0\xa4\xb5\xe0\xa4\xb0\xe0\xa4\xb3\xe0\xa5\x80)']
<class 'mumbai.models.DoesNotExist'>['4169', '\xe0\xa4\x95\xe0\xa5\x85\xe0\xa4\xa8\xe0\xa4\xb0\xe0\xa4\xbe \xe0\xa4\xac\xe0\xa4\x81\xe0\xa4\x95 (\xe0\xa4\x96\xe0\xa4\xbe\xe0\xa4\xb0\xe0\xa4\x98\xe0\xa4\xb0)']
<class 'mumbai.models.DoesNotExist'>['4170', '\xe0\xa4\x9f\xe0\xa4\xbe\xe0\xa4\x9f\xe0\xa4\xbe \xe0\xa4\x95\xe0\xa5\x89\xe0\xa4\xb2\xe0\xa5\x8b\xe0\xa4\xa8\xe0\xa5\x80 \xe0\xa4\xac\xe0\xa5\x80. \xe0\xa4\x95\xe0\xa5\x87. \xe0\xa4\xb8\xe0\xa5\x80.']
<class 'mumbai.models.DoesNotExist'>['4172', '\xe0\xa4\xb6\xe0\xa4\xbf\xe0\xa4\xb5\xe0\xa4\xa1\xe0\xa5\x80 \xe0\xa4\xb8\xe0\xa5\x8d\xe0\xa4\x9f\xe0\xa5\x8b\xe0\xa4\xb0']
<class 'mumbai.models.DoesNotExist'>['4173', '\xe0\xa4\x88\xe0\xa4\x82\xe0\xa4\xa6\xe0\xa4\xbf\xe0\xa4\xb0\xe0\xa4\xbe \xe0\xa4\xa8\xe0\xa4\x97\xe0\xa4\xb0 (\xe0\xa4\xb6\xe0\xa4\xbf\xe0\xa4\xb5\xe0\xa4\xa1\xe0\xa5\x80)']
<class 'mumbai.models.DoesNotExist'>['4175', '\xe0\xa4\xb8\xe0\xa4\xbe\xe0\xa4\x88 \xe0\xa4\x95\xe0\xa5\x81\xe0\xa4\x9f\xe0\xa5\x80\xe0\xa4\xb0']
<class 'mumbai.models.DoesNotExist'>['4185', '\xe0\xa4\xae\xe0\xa4\xa7\xe0\xa4\xbe\xe0\xa4\xa8\xe0\xa5\x80 \xe0\xa4\xb8\xe0\xa4\xb0\xe0\xa5\x8d\xe0\xa4\x95\xe0\xa4\xb2 (\xe0\xa4\xa0\xe0\xa4\xbe\xe0\xa4\xa3\xe0\xa5\x87)']
<class 'mumbai.models.DoesNotExist'>['4186', '\xe0\xa4\x97\xe0\xa4\xbe\xe0\xa4\xb0\xe0\xa5\x8d\xe0\xa4\xa1\xe0\xa4\xa8 \xe0\xa4\x95\xe0\xa5\x8b\xe0\xa4\xb0\xe0\xa5\x8d\xe0\xa4\x9f \xe0\xa4\xb8\xe0\xa4\xb0\xe0\xa5\x8d\xe0\xa4\x95\xe0\xa4\xb2 (\xe0\xa4\xa0\xe0\xa4\xbe\xe0\xa4\xa3\xe0\xa5\x87)']
<class 'mumbai.models.DoesNotExist'>['4187', '\xe0\xa4\xb8\xe0\xa5\x8d\xe0\xa4\xb5\xe0\xa4\xb8\xe0\xa5\x8d\xe0\xa4\xa4\xe0\xa4\xbf\xe0\xa4\x95 \xe0\xa4\xb0\xe0\xa4\xbf\xe0\xa4\x97\xe0\xa4\xbe\xe0\xa4\xb2\xe0\xa5\x80\xe0\xa4\xaf\xe0\xa4\xbe']
<class 'mumbai.models.DoesNotExist'>['4200', '\xe0\xa4\xa1\xe0\xa5\x8b\xe0\xa4\x82\xe0\xa4\x97\xe0\xa4\xb0\xe0\xa5\x80-\xe0\xa4\x95\xe0\xa5\x81\xe0\xa4\x82\xe0\xa4\xad\xe0\xa4\xbe\xe0\xa4\xa1\xe0\xa5\x80']
<class 'mumbai.models.DoesNotExist'>['4201', '\xe0\xa4\xa4\xe0\xa4\xbe\xe0\xa4\xb0\xe0\xa5\x8b\xe0\xa4\xa1\xe0\xa5\x80']
<class 'mumbai.models.DoesNotExist'>['4202', '\xe0\xa4\x8a\xe0\xa4\x9f\xe0\xa5\x8d\xe0\xa4\x9f\xe0\xa4\xa8 \xe0\xa4\x9f\xe0\xa5\x87\xe0\xa4\xb2\xe0\xa4\xbf\xe0\xa4\xab\xe0\xa5\x8b\xe0\xa4\xa8 \xe0\xa4\x8f\xe0\xa4\x95\xe0\xa5\x8d\xe0\xa4\xb8\xe0\xa4\x9a\xe0\xa5\x87\xe0\xa4\x82\xe0\xa4\x9c']
<class 'mumbai.models.DoesNotExist'>['4203', '\xe0\xa4\x8a\xe0\xa4\x9f\xe0\xa5\x8d\xe0\xa4\x9f\xe0\xa4\xa8 \xe0\xa4\xab\xe0\xa4\xbe\xe0\xa4\x9f\xe0\xa4\xbe']
<class 'mumbai.models.DoesNotExist'>['4205', '\xe0\xa4\xb9\xe0\xa5\x89\xe0\xa4\x9f\xe0\xa5\x87\xe0\xa4\xb2 \xe0\xa4\xae\xe0\xa5\x85\xe0\xa4\x95\xe0\xa5\x8d\xe0\xa4\xb8\xe0\xa4\xb5\xe0\xa5\x87\xe0\xa4\xb2']
<class 'mumbai.models.DoesNotExist'>['4206', '\xe0\xa4\xb0\xe0\xa4\xbe\xe0\xa4\xae\xe0\xa4\xb0\xe0\xa4\xa4\xe0\xa5\x8d\xe0\xa4\xa8 \xe0\xa4\xb5\xe0\xa4\xbf\xe0\xa4\xa6\xe0\xa5\x8d\xe0\xa4\xaf\xe0\xa4\xbe\xe0\xa4\xae\xe0\xa4\x82\xe0\xa4\xa6\xe0\xa4\xbf\xe0\xa4\xb0']
<class 'mumbai.models.DoesNotExist'>['4212', '\xe0\xa4\x97\xe0\xa5\x8b\xe0\xa4\xb0\xe0\xa4\x88 \xe0\xa4\x95\xe0\xa5\x8d\xe0\xa4\xb0\xe0\xa5\x80\xe0\xa4\x95 (\xe0\xa4\xaa)']
