StopCode	StopNameMarathi
1	कोलाबा बस स्थानक
2	ससुन गोदाम
3	स्ट्रँड सिनेमा
4	कुलाबा आगार
5	डॉ. एस.पी.मुखर्जी चौक/म्युझियम
7	हुतात्मा चौक
8	खादि भंडार
9	मुंबई छ.शि.ट
10	महात्मा फुले बाजार
11	चकाला मार्केट
12	झाकेरीया मस्जिद
13	मिनारा मस्जीद
14	जोहार चौक
15	डा. एम.इकबाल चौक
16	न्यु नागपाडा
17	ए. एच. अन्सारी चौक
18	भायखळा स्थानक (पू)
19	जिजामाता उद्यान
20	जयहिंद सिनेमा
22	संत जगनाडे चौक
23	भारतमाता सिनेमा
24	परेल वर्कशाप
25	मडकेबुवा चौक
26	हिंदमाता सिनेमा
27	शिंदे वाडि
28	चित्रा सिनेमा
29	खोदादाद सर्कल
30	विर कोतवाल उद्यान/ दादर स्थानक/ प्लाझा
31	राम गणेश गडकरी चौक (शिवाजी पार्क)
32	सिटीलाईट सिनेमा
33	शितलादेवी मंदिर
36	माहिम बस स्थानक
37	आर.सी.चर्च
39	पायल
40	अफगान चर्च
44	माहिम
45	टेलीफोन एक्सचेंज बांद्रा
46	अक्षया (बांद्रा)
47	पारिजात बांद्रा
48	युनीट ट्रस्ट आफ इंडिया
49	बांद्रा रिक्लेमेशन बस स्थानक
50	मंत्रालय
54	कॉमरेड.गुलाबराव गणाचार्या चौक
55	एन.एम जोशी  मार्ग पोलिस स्टेशन
56	लोअर परेल स्थानक
57	दिपक सिनेमा
60	जखादेवी
62	कला नगर
63	खेत वाडी
64	कार्डीनल ग्रेसिअस स्कुल/ टिचर्स वसाहत
66	विलेपार्ले सब-वे
67	गुजरात सोसायटी/ द्यालदास रोड 
68	साठे महाविद्यालय
70	हनुमान सोसायटी बिल्डिंग न.5
71	मात्रुछाया
72	सुभाष मार्ग,पार्ले
74	शिवाजी चौक, अंधेरी
75	विजय नगर सोसायटी, अंधेरी
76	आगरकर चौक
77	भायखळा स्थानक (प)
78	परल एस.टी. आगार/ संत रोहिदास चौक
79	वाकोला पोलिस स्टेशन
80	पार्ले टिळक शाळा
83	प्रबोधन ठाकरे चौक
86	एन.ए.व्हि. सोसायटी
87	नेव्ही नगर, कोलाबा
89	धोबी घाट (कोलाबा)
91	लायन्स गेट
92	ओल्ड कस्टम हाउस
93	न्यु कस्टम हाउस
94	
98	संत.मेरी विद्यालय
99	माझगाव न्यायालय
100	महाराना प्रताप चौक माझगाव
101	अंजीर वाडी
102	मुस्ताफा बाजार / सावल्या तांदेळ चौक
104	संत सावता मार्केट
105	रोबर्ट गोम्स चौक भायखळा
106	मसिना हॉस्पिटल / रुस्तोम बाग
108	बांद्रा टॉकिज
109	खार
110	संत. टेरेसा कॉन्व्हेंट स्कुल
112	खिरा नगर
113	सांताक्रुझ आगार
114	नानावटी हॉस्पिटल
115	विलेपार्ले
116	येरला
118	शॉपर्स स्टॉप अंधेरी
119	अंधेरी स्टेशन (प)
120	अंधेरी मार्केट
121	आंबोली नाका
122	जोगेश्वरी बस स्थानक
123	जोगेश्वरी दुरध्वनी केंद्र
124	अजित ग्लास कारखाना
125	ओशिवारा ब्रिज
126	बे.स्ट नगर
128	गोरेगाव / ओशिवारा आगार
130	के.सी. कॉलेज
131	अहिल्याबाइ होळकर चौक
132	सांताक्रुझ पोलिस स्टेशन
134	जुहु कोळीवाडा
135	जुहु तारा
136	रॉयल होटेल जुहु
137	जुहु बिच
139	डॉ. आंबेडकर पुतळा (चर्चगेट)
140	मुंबई जिमखाना
142	कालबा देवी
143	स्वदेशी मार्केट 
144	भुलेश्वर
145	विजर वल्लभ चौक
147	रुइया कॉलेज
148	कपोल निवास / जे. न. वर्मा चौक
149	महेश्वरी उद्यान
150	गांधी मार्केट माटुंगा
151	लोकमान्य टिळक हॉस्पीटल
152	जैन सोसायटी
155	हाय-वे अपार्टमेंट
156	चुनाभट्टी
160	टाटा वसाहत चुनाभट्टी
161	शिव स्रुष्टी
162	कुर्ला एस. टी. आगार
163	नाईक नगर
164	कामगार नगर
165	नेहरु नगर
169	कुर्ला बस स्टेशन (पू)
170	भायखळा स्थानक (प)
171	प्रियदर्शनी चुनाभट्टी
173	सुमन नगर
174	उमर्शी बाप्पा चौक
175	भक्ती भवन
176	बसन्त पार्क
177	नवजीवन सोसायटी
178	चेंबुर वसाहत
179	मारवळी चौक
180	अझीझ बाग
181	वाशी नाका
182	शंकर मंदिर
184	कॅलीको मिल्स
185	बि.डी.पाटिल मार्ग / एच.पी.सि.ल (चेंबुर)
186	भारत पेट्रोलिअम चेंबुर
187	गवानगाव / रिफायनरिज
188	लुबे इंडिया कंपनी
189	टाटा पावर स्टेशन
191	धनमील नाका
192	एच.पी. नगर
193	आचार्य विद्यानिकेतन
194	वडाळा  रोड माहुल
195	माझगाव डॉक(माहुल)
196	माहुल गाव
197	चेबुर नाका / स्वामी विवेकानंद चौक
198	सांडु वाडी
199	आचार्य गार्डन / डायमन्ड गार्डन
201	डॉ. आंबेडकर गार्डन
202	जी.टी. हॉस्पिटल
203	महात्मा गांधी हॉस्पिटल
204	के.इ.एम. हॉस्पीटल
205	भोइ वाडा
207	स्प्रिंग मिल
208	सहकार नगर(वडाळा)

209	माधव नगर
210	आझाद नगर(वडाळा)

212	वडाळा (पू)
214	आमुलाख शाळा
215	डॉन बॉस्को शाळा, माटुंगा
216	माटुंगा पोलिस स्टेशन
217	गुरु तेघ बहाद्दुर नगर स्टेशन
218	सरदार नगर नं.2
219	सरदार नगर नं.4
220	अँटोप हिल चर्च
221	अँटोप हिल पोलिस स्टेशन
222	सी.जी.एस. डिस्पेन्सरी
223	काने नगर
224	अँटोप हिल
225	अँटोप हिल पोस्ट कार्यालय
226	इंडीयन ओइल आगार
227	वडाळा उड्डाणपुल
228	कोर्बा मिठागर
230	नाडकर्नी पार्क
232	टाटा हॉस्पिटल
233	बॅकबे आगार
234	प्रेसिडेंट होटेल
235	बाधवार पार्क / मच्छिमार नगर
238	लायन्स पार्क
239	कुर्ला पोस्ट कार्यालय
240	गोल इमारत
241	अंजनाबाइ मगर
242	कुर्ला आगार
243	शितल सिनेमा
244	कमानी
245	मुकुंद कंपनी
246	नारायन नगर
248	चिराग नगर
249	घाटकोपर पोलिस स्टेशन
250	घाटकोपर पाईप लाइन
251	सर्वोद्य हॉस्पिटल
253	गोपाळ भुवन
254	श्रेयस सिनेमा
255	दर्गाह विक्रोळी
257	विक्रोळी आगार
258	धोबी घाट( कफ परेड)
259	नित्यानंद नगर
260	लक्ष्मी नगर
262	मानेकलाल महानगरपालिका शाळा
263	जाग्रुती नगर
264	जांभुळ पाडा
265	बर्वे नगर
266	महानगरपालिका हॉस्पिटल
267	शिवाजी मैदान
268	पार्क साइट
271	दारु खाना
273	तानाजी म. चौक
275	टँक बंदर
276	शिवडी स्थानक (प)
277	जाकेरिया बंदर
278	शिवाजी नगर शिवडी
279	न्द्यानेश्वर नगर
280	किडवाइ नगर
281	वडाळा स्थानक(प)
282	घाटकोपर स्थानक (प)
286	धारावी आगार
288	गांधी नगर, बांद्रा
290	बांद्रा वसाहत
291	सिंधी वसाहत
292	मेहराबाद बाग
293	महात्मा गांधी विद्यालय जोगेश्वरी
294	मदिना मंजिल
295	बेहराम बाग
296	गोरेगाव / ओशिवारा आगार
297	आणीक आगार
298	कफ परड पोलिस स्टेशन
299	वर्ल्ड ट्रेड सेंटर
300	जी.डी.सोमानी स्कुल
301	बे.स्ट वसाहत भोइवाडा
303	टी.बी. हॉस्पिटल
304	वडाळा चर्च
305	राणि लक्ष्मीबाई चौक / शीव
307	प्रतिक्षा नगर आगार
308	मेकर टॉवर
311	एन.सी.पी.ए
313	समाज मंदिर हॉल प्रतिक्षा नगर
315	टँन्झीट कँप डिस्पेन्सरी
317	बे.स्ट रिसीव्हिंग सेंटर
319	एस.जी. बर्वे मार्ग जंक्शन / कुर्ला
321	अमर महाल
322	घाटकोपर सोनापुर
323	गरोडीया नगर
324	पंत नगर
325	पंत नगर पोलीस स्टेशन
326	मराठी विद्यालय
328	विक्रोळी गाव(पू)
331	विकास विद्यालय
333	घाटकोपर आगार / कॅसेरुना
335	मांडवी पोस्ट कार्यालय
336	फाइव्ह गार्डनस
337	शिवाजी नगर टर्मीनस
339	सुभाष नगर चेंबुर
340	आचार्य मराठे महाविद्यालय
341	सम्राट अशोक नगर
342	गौतम नगर/ देवनार कत्तलखाना
343	शिवाजी नगर जंक्शन 
344	ट्रॉम्बे
345	गांधी मार्केट चेंबुर
346	आर.सी.एफ वसाहत / गोल्फ क्लब
347	वाडवली गाव / बोर्ला सोसायटी
348	बसंत टॉकिज
349	पंजारा पोल
350	देवनार आगार
351	पंजाब वाडी
352	टेलीकॉम फॅक्टरी
353	राज कपुर चौक / भाभा हॉस्पिटल
354	अणुशक्ती नगर
355	मानखुर्द स्टेशन रोड(द)
356	मंडाला
357	चिता कॅम्प
358	मुक्ताबाई हॉस्पीटल
359	मरोळ मरोशी
360	बैल बाजार
361	जरी मरी
362	सफेद पुल
363	साकी नाका
364	मित्तल इस्टेट
365	मरोळ नाका
366	मरोळ गाव
367	बोरोसील ग्लास फॅक्टरी
368	विहार तलाव
369	स्टेट बँक आफ इंडीया अंधेरी
370	चांदिवली जंक्शन
371	इ.एस.आय.एस लोकल कार्यालय पवइ
372	डॉ. आंबेडकर उद्यान (पवइ)
374	मोराजी नगर
375	नीती
376	भांडुप गाव (पू)
378	आर.टी. ओ. कार्यालय घाटकोपर
379	रमाबाइ नगर
380	नालंदा सोसायटी घाटकोपर
381	गोदरेज सोप कंपनी
382	आशा उषा ईस्टेट
384	मिलिटरी कॅन्टीन
385	पेपर मिल
386	हिंदुस्तान कंपनी
387	गांधी नगर विक्रोळी
388	टागोर नगर जंक्शन
389	मनसुख कंपनी
390	कांजुर गाव
391	अंकुर हॉस्पीटल
392	क्रॉम्प्टन ग्रिव्हज भांडुप
393	आदर्श विद्यालय
394	सी.जी.एस. वसाहत
395	भांडुप स्थानक (पू)
396	वरळी आगार
397	वैशाली नगर भांडुप
399	पासपोर्ट कार्यालय
400	बाबासाहेब वरळीकर चौक
401	गॅमोन हाउस
402	प्रभादेवी
403	सिद्धीविनायक मंदिर
404	अगार बाझार
405	रानडे रोड दादर
406	हुमा टॉकिज
407	डॉकयार्ड वसाहत / कांजुरमार्ग स्थानक
408	सिबा कंपनी
409	बिर्ला कंपनी
410	मंगतराम पेट्रोल पंप
411	जनता मार्केट भांडुप
412	भांडुप स्थानक (प)
413	भांडुप पोलीस स्टेशन
414	कस्तुरी विद्यालय
415	उषा नगर
416	भांडुप गाव(प)
418	सुभाष नगर नाहुर
420	सर्वोद्य पार्श्वनाथ नगर मुलुंड
423	संत. पायस स्कुल मुलुंड
424	साइ धाम मुलुंड
426	विद्याबेन गार्डी स्कुल
428	कालिदास नाट्यग्रुह
430	मुलुंड स्थानक (प)
434	इ.एस.आय.एस हॉस्पीटल मुलुंड
435	गोवर्धन नगर / गॅब्रीयल कंपनी
436	संतोषी माता मंदिर मुलुंड
437	के.इ.व्ही.अ. फ्राग्रानेस
438	जे.व्ही.पी.डी. स्थानक
439	मरीन लाइन्स रेलवे स्थानक
440	एस.के. पाटील उद्यान
442	सुख सागर
443	बाबुलनाथ
444	नालंदा पेद्दार रोड
445	कम्बाला हिल पोस्ट कार्यालय
446	जसलोक हॉस्पीटल
448	लाला लजपतराय महाविद्यालय
449	नेहरु तारांगण
450	पुनम चेंबर / शिवसागर इस्टेट
451	एस.टी. कार्यालय / जरीमरी मंदीर
452	आचार्य अत्रे चौक
453	गांधी मैदान वरळी
454	कॉ. पी.के.कुरने चौक
455	दुरदर्शन 
456	सासमीरा
457	जरी मरी मंदिर
458	नॅशनल महाविद्यालय
459	खार दुरध्वनी केंद्र
460	खार स्थानक (प)
461	रामक्रुष्ण मिशन
462	दत्ता अपार्टमेंट
463	राजेश खन्ना गार्डन
467	बालकांजी बारी स्कुल
468	जुहु होटेल
469	जुहु बस स्थानक
470	पारसी वसाहत जुहु
471	भारतीय आरोग्य निधी हॉस्पीटल
473	वडाळा आगार
474	शांग्रीला कंपनी
476	डॉ. के.बी. हेडगेवार चौक
477	मुलुंड गोरेगाव लिंक रोड
478	अंबिका नगर
479	उर्बन को.ओप. बँक
480	मुलुंड सोनापुर
481	महानगरपालिका शाळा मुलुंड
483	मुंबइ सेट्रल आगार
484	मॅराथॉन चौक
485	मुंबइ सेट्रल स्थानक
486	नायर हॉस्पीटल
487	आग्रिपाडा पोलीस स्टेशन
488	गाडगे महाराज चौक
489	कस्तुरबा गांधी हॉस्पीटल
491	रॅली वूल्फ
492	जोहन्सन कंपनी
494	मुलुंड बस स्थानक (प)
495	वागळे इस्टेट पोस्ट कार्यालय
496	सात बंगला स्थानक
497	शासकीय लॉ महाविद्यालय
498	जिमखाना(मरीन लाइन्स)
499	तारापोरवाला मत्स्यालय
500	विल्सन महाविद्यालय
501	नाना चौक
502	भाटीया हॉस्पीटल
503	वसंतराव नाइक चौक
504	ए.सी. मार्केट 
506	मिठीबाइ महाविद्यालय
507	डॉ. कुपर हॉस्पीटल
509	ए.एस.आय.सी. नगर
511	इंडियन ओइल नगर
513	बॅलार्ड पियर
514	साइ धाम ग्रँट रोड
517	खार पोलीस स्टेशन
518	दक्षीण-उत्तर मार्ग न.9
520	गुरु नानक मार्ग
522	गोरेगाव बस स्थानक(प)
523	पोद्दार हॉस्पीटल
524	पोलीस वसाहत वरळी
525	जुने खार
527	जुहु शॉपींग सेंटर
528	न्यु डी. एन. नगर
529	डी.एन. नगर / बाफरीवाला विद्यालय
530	जीवन नगर
531	लक्ष्मी इंडस्ट्रीयल इस्टेट
532	मोन्जीनिस केक कंपनी
533	आई तुळजाभवानी चौक / लोखंडवाला कॉम्ल्पेक्स
534	आदर्श नगर (ओशिवारा)
535	स्काउट कॅम्प
536	आनंद नगर (ओशिवारा)
538	विवेक विद्यालय
540	जैन मंदिर गोरेगाव
541	पी. ठाकरे उद्यान बस स्थानक शिवडी
542	मालवणी आगार / गायकवाड नगर
543	शिवडी नाका
544	परेल गाव
545	हाफकिन इस्टिंट्युट
549	शारदाश्रम विद्यामंदीर
550	दादर कबुतरखाना
551	आर्य समाज
554	गोल्डन टोबॅक्को
555	फारुख विद्यालय
556	जोगेश्वरी तबेला
557	राम मंदिर गोरेगाव
558	सहारा
559	गोरेगाव पोलीस स्थानक
560	जवाहर नगर
561	फिल्मीस्तान
562	पाटकर महाविद्यालय
564	चिंचोळी फाटक / सर्वोद्य स्कुल
565	चिंचोळी बंदर रोड
566	काच पाडा
567	एव्हरशाइन नगर
568	मीठ चौकी मालाड
569	अस्मीता ज्योती
570	फायर ब्रिगेड / खरोदी वसाहत
571	मालवणी ब्लॉक नं.5
572	मालवणी ब्लॉक नं.6
573	मालवणी ब्लॉक नं.7
574	दिंडोशी बस स्थानक
576	खेड गल्ली
577	मराठा वसाहत
578	न्य आग्रिपाडा
580	पारसी वाडा अंधेरी
581	चकाला सिगारेट कारखाना
582	सहार पी. टी. वसाहत नं. 1 & 2
585	वेयर हाउस
587	सहार पोलीस स्टेशन
588	छ. शिवाजी इंटरनॅशनल विमानतल (सहार)
589	जे. मेहता मार्ग
590	कुर्ला स्थानक (प)
591	प्रेम नगर नापीअन समुद्र
592	नारायण दाभोलकर मार्ग
593	दर्या महल 
594	पेटिट महाल
595	प्रियदर्शनी नेपिअन सी. रोड
596	पेट्रोल पंप / महेश्वरी महल
597	मुकेश चौक
598	पारसी जनरल हॉस्पीटल
599	ब्रिच कॅन्डी हॉस्पीटल
600	मफतलाल पार्क
601	महालक्ष्मी मंदीर
602	वाकोला पाइप लाइन
603	मिलीटरी कॅम्प
604	कलीना
605	विद्या नगरी
606	नफा
607	अमर ब्रास & स्टिल कंपनी
608	मेट्रो प्लेयींग कार्डस
610	बुद्ध नगर
611	मेहताब लेन
612	जुहु प्रभात
613	अभिषेक अपार्टमेंटस
614	वर्सोवा लिंक रोड
615	वर्सोवा व्ह्यूव
616	आर.टी.ओ. / न्यु विकास हौसींग सोसायटी अंधेरी
617	दुरध्वनी केंद्र चार बंगला
618	श्री स्वामी समर्थ नगर
620	सिप्झ बस स्थानक
622	विले पार्ले स्थानक (पू)
623	पार्लेश्वर मंदीर
624	विशाल सभाग्रुह / प्रकाश स्टुडीओ
625	नटराज स्टुडीओ
627	चकाला 
628	नेलको
629	मरोल आगार
630	इ.एस.आय.एस हॉस्पीटल अंधेरी
632	डोमेस्टीक विमानतळ
633	संभाजी नगर(पार्ले)
634	हनुमान रोड
635	बहार सिनेमा
636	दर्पन सिनेमा
638	शंकर वाडी
639	इस्माइल युसुफ महाविद्यालय
640	जोगेश्वरी पोलीस स्टेशन
641	जय कोच / एस.आर.पी कॅम्प
642	महानंदा
643	वनराइ / म्हाडा वसाहत
644	गोरेगाव चेक नाका न.1
645	बी.एस.इ.एस. सांताक्रुझ
646	विरवानी इस्टेट
647	जनरल. अ. के. वैद्य मार्ग जंक्शन
652	पठान वाडी
653	कुरार गाव
654	पुष्पा पार्क
655	बडोंग्री
656	बी.एच.अ.डी. वसाहत
657	दत्तानी पार्क
658	मागाठाणे दुरध्वनी केंद्र
659	मागाठाणे आगार
660	देवी पाडा
661	ओमकारेश्वर मंदिर
662	शारदा सिनेमा
663	महन्त रोड
665	फेरी
666	पं. पलुस्कर चौक
667	मालेत बंदर
668	रेलवे क्रॉसींग डॉकयार्ड
669	निर्माण भवन
670	माझगाव गोदी(माझगाव)
671	डॉकयार्ड रोड रेलवे स्टेशन
672	इन्स्पेक्टर काकलीस चौक
673	सेंट्रल रेलवे गुड्स शेड
674	वाडी बंदर
675	प्रिंसेस गोदी
676	लोह भवन
677	कर्नाक बंदार
678	मुसाफिर खाना
679	चिरा बाजार
680	प्रिंसेस स्ट्रीट
682	ठाकुरव्दार
683	गाय वाडी (गिरगाव)
684	नवाब टँक मार्ग
685	ताड वाडी
686	नूर मार्ग
687	सँडहर्स्ट स्थानक रोड
688	चिंच बंदर
689	डोंगरी
690	खांबेकर रस्ता
691	गोल मंदीर
692	अलंकार टॉकीज
693	खेतवाडी
695	सेंट्रल टॉकीज
696	नोव्हेल्टी सिनेमा
697	महालक्ष्मी स्थानक
698	फेमस स्टुडीओ
699	अंबिका मिल्स / किंग जॉर्ज इन्फेरनरी
700	जिजामाता नगर वरली
701	म्युनीसीपल वसाहत वरली
705	आर.बी.आय (फोर्ट)
706	इंदिरा गोदी
707	अग्नीशमन दल फोर्ट
708	बे.स्ट पावर हाउस (कुसारा)
710	श्रावन येशवंते चौक
711	हाकोबा ( काला चौकी)
712	वरली गाव
713	डाउन मिल
714	गोपीक्रीष्ण पिरामल हॉस्पीटल
715	श्री राम मील
716	गांधी नगर वरली
718	आदर्श नगर (वरली)
719	उमर खाडी
720	राठोड मार्ग डॉकयार्ड
721	बी.पी.टी. वसाहट ( माझगाव)
722	काळा चौकी
724	जुबीली मील्स
725	स्वान मील्स
727	दादर पोस्ट कार्यालय
728	मच्छिमार नगर महिम
734	रे रोड पुल
735	माफतलाल मील
738	शिवडी रेलवे फाटक
749	मोती सिनेमा
751	चौपाटी
754	च्रिस्त चर्च स्कुल
755	अलेक्झांड्रा सिनेमा
758	अगस्त क्रांती मैदान
759	गोदरेज चौक
762	गुड्स शेड
763	सी आणि डी. शेड कॉटन ग्रीन
764	बी.पी.टी.वसाहत (कॉटन ग्रिन)
768	भारत पेट्रोलीयम शिवडी
769	गोदरेज फुडस कंपनी
770	बी.पी.टी. वसाहत( वडाला -पूर्व)
771	बी.पी.टी. हॉस्पीटल( वडाला -पूर्व)
773	इ.एस.पटानवाला मार्ग
774	महानगरपालीका शाळा काळा चौकी
775	लोअर परेल वर्कशॉप
777	माहिम स्टेशन ( प)
780	फोनीक्स मील
781	के.व्ही.यादव चौक / लोअर परेल
785	अभ्युद्य बँक
804	साखर भवन
807	डॉ. भडकमकर चौक
808	गणेश टॉकीज लालबाग
809	कुंभार वाडा
810	आर.बी.आय वसाहत (चेंबुर)
811	मैत्री पार्क
812	आर. के. स्टुडीओ
815	व्ही. बी. फडके चौक/मेट्रो/धोबी तलाव
822	मिनर्व्हा टॉकीज
823	डॉ. शिरोडकर हाय स्कुल
824	नायगाव पोलीस वसाहत
825	बे.स्ट. वसाहत वडाळा
828	ताडदेव पुल
829	एस. पुल /मंडलीक चौक
830	बावळा मस्जिद
832	वनीता समाज / चैत्य भूमी
833	मेयर्स बंगला/ शिवाजी पार्क (कॅडेल रोड)
835	कपडा बाजार
837	आर.बी.आय बिकेसी
838	आयकर भवन बिकेसी
839	टाटा कॉलनी बांद्रा
840	भारत नगर बांद्रा
841	कुर्ला दुरध्वनी केंद्र बीकेसी
842	कपाडिया नगर
844	वडाळा गेट न. 2/5
845	गावदेवी पोलीस स्टेशन
846	अपना बाझार (परेल)
852	
858	रेलवे होटेल/ चर्नी रोड जंक्शन
859	ताडदेव बस स्थानक/रुषी मेहता चौक
860	शुक्लाजी रस्ता
862	एव्हरार्ड सोसायटी
863	वाळकेश्वर
864	तीन भट्टी
865	पारसी अग्यारी
866	व्हाइट हाउस
867	शितल बाग
868	तीन बाकडा
869	फोनीक्स रसायनी
870	आझाद फ्लोर मील
872	फणस वाडी 
873	कस्तुर्बा गांधी चौक
874	गुलाल वाडी / याद्नीक चौक
878	प्ले हाउस
879	टु टँक्स 
880	हसरत मोहानी चौक
881	मदन पुरा
884	सॅल्व्हेशन आर्मी नागपाडा
885	आग्रीपाडा
886	गोपालनगर
887	बॉम्बे डायींग
890	कीडवाइ रोड पोलीस स्थानक
891	खंबाटा लेन
898	साइबाबा रोड परेल
900	बांद्रा स्थानक रोड (प)
902	इन्कम टॅक्स कार्यालय मरीन लाइन्स
904	टोड्डी कंपनी/एम्पायर डायींग
905	कमला मील
906	कामगार मैदान
907	म्हात्रे पेन कंपनी
909	झारपकार स्टोर्स
910	गर्लस स्कुल
911	रुपारेल महाविद्यालय
912	मांटुगा स्थानक (प)
913	सरस्वती विद्या मंदिर
919	सर अली यावर जंग इंन्स्टीट्युट
921	हिल रोड गार्डन
922	सेंट. पीटर्स चर्च
924	बँक आफ इंडीया बांद्रा
925	बांद्रा पोलीस स्टेशन
928	धारावी  पुल 
931	माहिम फाटक
932	शाहु नगर
938	स्वामी नारायण चौक दादर
939	हिंदु वसाहत
940	राजा शिवाजी हाय स्कुल (हिंदु वसाहत)
941	पोद्दार महाविद्यालय / रुइ महाविद्यालय
942	मांटुगा स्टेशन(पू)
943	पायोनीर हाय स्कुल
944	मांटुगा रेलवे फाटक(पू)
950	पीला बंगला
951	पोस्ट कार्यालय मांटुगा
952	नेचर पार्क / धारावी
954	धारावी टी. जंक्शन / तापसे चौक
955	एम.आय.जी. वसाहत
956	जी.एस. वसाहत
957	खेर वाडी पोलीस स्टेशन
958	कालाकील्ला
959	पी. ठाकरे नगर बस स्थानक
960	महाराष्ट्र बँक ओशीवारा
961	ओरीयंटेल/समर्थ नगर मार्केट
962	झुलेलाल चौक ओशीवारा
963	श्री. स्वामी समर्थ नगर 
964	भुट्टा टॉवर
969	शास्त्री नगर(लिंक रोड) गोरेगाव
970	मोतीलाल नगर ब्लॉक नं.8
971	बांगुर नगर
972	शंकर वाडी
974	कांदिवली इस्टेट/ गणेश नगर
975	हिंदुस्तान नाका/ चरणसिंग चौक
976	सह्याद्री नगर चारकोप
977	बँक आफ महराष्ट्रा चारकोप
978	पी. ठाकरे नगर मार्केट
979	साइबाबा मंदीर चारकोप
980	कमला नेहरु पार्क
981	सह्याद्री गेस्ट हाउस वाळकेश्वर
982	मलबार हिल पोस्ट कार्यालय
983	रेखा सदन / जैन मंदिर वाळकेश्वर
985	दौलत नगर, सांताक्रुझ
986	शास्त्री नगर सांताक्रुझ
987	वरळी सी-फेस(उत्तर)
988	सम्राट होटल
989	वरळी सी-फेस(द)
990	पोलीस कँप वरळी
992	मीरा रोड स्थानक(पू)
993	वत्सलाबाइ देसाइ चौक
995	लायन्स क्लब(गुंडावली)
998	दौलत नगर बोरीवली
1002	दहिसर स्थानक रोड(पू)
1004	नोव्हल्टी सिल्क मील
1006	गोल्डन केमीकल
1007	महा विष्णु / सम्राट होटेल
1008	वाहतुक केंद्र
1009	काशी मीरा
1010	पंजाब फांउड्री
1011	सिल्वर पार्क
1018	नेरुल बस स्थानक
1020	
1023	गोदरेज कंपनी(प)
1025	बी.एम.सी. कंपोस्ट प्लान
1027	मोहिते पाटील नगर
1028	मानखुर्द जकात नाका
1029	वाशी गाव
1030	वाय. बी. चव्हान मार्ग
1031	अपना बाझार वाशी
1032	वाशी बस स्थानक
1033	एस.एस.सी बोर्ड कार्यालय/संत. लॉरेन्स शाळा
1034	शिव सेंटर
1035	ए.पी.म कॉम्प्लेक्स
1036	आय.सी.एल. स्कुल
1038	तुर्भे नाका (जनता मार्केट)
1039	ठाणे बेलापुर जंक्शन
1040	तुर्भे पोलीस स्टेशन 
1041	जुइ नगर स्थानक 
1042	शिरावणे गाव
1043	नेरुल नाका
1044	शिवाजी चौक नेरुल
1048	विज भवन
1049	ग्रँट रोड
1054	मराठी विज्ञान परीषद 
1057	नर्मदेश्वर मंदिर
1058	धोबी घाट
1060	किर्ती महाविद्यालय
1063	नॅशनल हॉस्पीटल
1066	सेंट्रल लेबर इंस्टिट्युट
1069	संत. अँड्रू चर्च
1072	होली फॅमीली हॉस्पीटल
1075	वरळI डेरी
1076	व्हीनस बिल्डिंग/ वाटुमल अभीयांत्रीकी महाविद्यलय
1077	दर्गाह वरळी/ आर.टी.ओ कार्यालय
1081	शांती बाग
1082	पोस्ट कार्यालय चेंबुर
1084	बी.एस.ई.एस. सब स्टेशन ( चेंबुर)
1086	गोंवडी स्थानक (प)
1087	देवनार बेस्ट कर्मचारी वसाहत
1088	मोती महल
1089	पाली हिल
1090	मोंटे गार्डन
1091	पेरी क्रॉस रोड
1092	पोलीस सुपरिटेंडेट कार्यालय
1093	रिझवी संकुल (कार्टर रोड)
1094	रिझवी महाविद्यालय बांद्रा
1095	शेरले गावठान
1097	खार दांडा
1098	दांडा पाडा
1100	16'थ रोड
1102	विठ्ठलभाइ पटेल रोड जंक्शन
1103	मिलन सब वे
1104	जांभळी मोहल्ला
1105	सिक्का नगर
1109	प्रार्थना समाज
1112	वानखेडे स्टेडीयम
1113	मरीन ड्राइव्ह
1117	बिर्ला क्रिडा
1120	होर्नीमन सर्कल
1125	मस्तान तलाव
1126	नागपाडा पोलीस स्थानक
1128	रेस कोर्स
1133	नवजीवन सोसायटी ताडदेव
1134	मुंबई जीमखाना
1139	भायखळा दुरध्वनी केंद्र
1140	भायखळा पोलीस स्थानक
1141	कॅफे पॅराडाइज
1142	अंजुमन महाविद्यालय
1143	दादर पोलीस स्टेशन
1144	सिम्प्लेक्स मील
1145	सुंदर गल्ली
1146	गार्लीक कंपनी 
1147	ग्रँट रोड स्थानक
1148	सोनावाला बिल्डींग
1149	गव्हर्नमेंट वसाहत
1150	बांद्रा स्टेशन (पू)
1153	टाटा विज केंद्र
1155	शाहु नगर
1156	भास्कर न्यायालय
1159	नारायण पुजारी नगर
1160	पारसी वसाहत वडाळा
1161	डी'सील्वा स्कुल
1162	विठ्ठल मंदिर
1163	जंबो दर्शन
1165	डीव्हाइन चाइल्ड हाय-स्कुल
1166	जे.बी नगर
1167	मरोळपाइप लाइन
1168	जॉन बेकर
1170	मरोळ लायन्स क्लब
1172	मजास आगार
1177	विक्रोली पोलीस स्टेशन
1179	आय.आय.टी मार्केट
1180	आय.आय.टी मेन गेट
1181	पंच कुटीर
1182	
1183	पिंकी सिनेमा
1184	चिनाइ महाविद्यालय
1186	पारसी पंचायात / धोबी घाट
1187	सोना इंडस्ट्रीज 
1188	राधा सिल्क मील
1189	पंप हाउस
1190	आघाडी नगर
1191	शेर-ए-पंजाब वसाहत
1192	गुरुद्वार चौक
1193	कॅनोसा स्कुल
1194	होली स्पीरिट हॉस्पीटल
1195	तक्षशिला
1196	मोडेल टाउन ( मजास)
1197	पुनम नगर
1198	दुर्गा नगर
1199	आशिर्वाद मेडिकल स्टोर्स
1200	ग्रीन फिल्डस
1201	फिल्टर पाडा
1202	पी.डब्ल्यु.डी. कार्यालय
1203	जय भीम नगर
1204	महात्मा फुले नगर
1212	वेसाव-यारी रोड बस स्थानक
1214	सात बंगला गार्डन
1215	पीकनिक कॉटेज
1216	मच्छीमार वर्सोवा
1217	गंगा भुवन
1219	दत्तगुरु देवस्थान
1221	मोतीलाल नगर पोस्ट कार्यालय
1222	सिद्धार्थ नगर
1223	दहिसर पुल
1224	न्यु एरा टॉकीज
1226	एन.एल. विद्यालय
1227	मिलाप टॉकीज
1228	बाल भारती / हितवर्धक हॉल
1229	कांदीवली स्थानक (प)
1230	पोयसर आगार
1231	राम बाग /शास्री नगर कांदिवली
1232	कोरा केंद्र
1234	बोरीवली स्थानक (प)
1235	बोरीवली बस स्थानक(प)
1237	राम मंदिर बोरीवली
1238	भागवती रुग्णालय
1239	तांत्रीकी शाळा
1241	नवा गाव
1242	कंदार पाडा
1244	मुलुंड चेक नाका बस स्थानक
1246	महाराष्ट्र पुल शिव
1247	कुर्ला लेव्हल क्रॉसींग
1248	कल्पना टॉकीज
1249	ओल्ड आग्रा रोड
1250	गुरु नानक नगर
1251	मिनाताई ठाकरे मैदान
1252	निर्मल लाइफस्टाइल
1253	डंकेन कंपनी
1255	मुलुंड गार्डन
1256	महर्षी अरवींद चौक
1259	गव्हान पाडा
1260	पोस्टल वसाहत
1261	कांजुर मार्ग गाव
1262	भांडुप पंपीग केंद्र
1263	चैनानी एल्डर्स होम
1264	नवघर रोड
1265	हनुमान चौक
1267	मुलुंड स्थानक(पू)
1268	महानगरपालीका रुग्णालय मुलुंड
1269	गोरेगाव चेक नाका नं.2
1270	मरोशी नाका / पिकनीक पॉंइट
1271	रिझर्वायर/ मॉडर्न बेकरी
1272	आरे मार्केट
1273	युनीट नं. 2,3
1274	विजय प्रिंटीग प्रेस अंधेरी
1275	सहकारी भंडार विलेपार्ले(प)
1276	पुष्पा नारसी उद्यान
1277	पारसमनी
1278	स्टेट बँक ऑफ इंडीया पार्ले
1279	सुखामनी हाउसींग सोसायटी
1280	गंगादीप
1281	न्यु इंडिया वसाहत
1282	मनोबिना अपार्टमेंटस
1285	सुंदर नगर मालाड
1286	राणी सती नगर
1290	कांदीवली दुरद्धनी केंद्र
1291	बोरीवली तुरुंग
1292	धर्मशी सभाग्रुह
1293	बोरीवली दुरद्धनी केंद्र
1294	पै नगर
1295	शिवाजी नगर दहीसर
1296	मेरी इमाकुलेट स्कुल
1297	शताब्दी रुग्णालय
1298	दहीसर मार्केट
1303	महानगरपलिका रुग्णालय दहिसर
1304	दहीसर स्थानक(प)
1305	गोमंत नगर
1306	साई  अम्रुत सोसायटी
1308	मधुर वसाहत
1309	महानगरपालीका शाला मालाड
1310	आय.सी वसाहत
1311	एल.आय.सी कार्यालय बोरीवली
1312	पोयंसर चर्च
1313	सिटीझेन बँक बोरीवली
1315	दहीसर बस स्थानक
1316	एकता नगर मालाड
1317	इ.एस.आय.एस लोकल कार्यालय कांदीवली
1319	ब्रिमको
1320	चारकोप नाका
1321	असोशीएट कॅप्सुल को.
1322	यादव नगर
1323	डहानुकर वाडी
1324	वैशाली भवन
1325	कांदीवली गाव
1326	म. गांधी तरण तलाव कांदीवली
1327	काला मारुती मंदिर
1328	देना बँक कांदीवली
1329	केतकी पाडा
1330	दहिसर चेक नाका(पु)
1331	आनंद नगर मार्केट
1334	आनंद रुग्णालय
1335	ओरलेम चर्च
1336	चोक्सी रुग्णालय
1337	फादर एग्नेल आश्रम
1338	बँड स्टँड
1339	सिस्टर्स बंग्लो
1340	प्रार्थनालय
1341	बांद्रा तलाव
1343	पाली मार्केट
1344	एल.आय.सी  वसाहत बांद्रा
1345	डॉ. आंबेडकर रोड बांद्रा
1346	पेटिट गर्लस स्कूल
1348	मामा होटल
1349	मांउट कार्मेल चर्च/ लिलावती रुग्णालय
1350	मांउट मेरी स्टेप्स
1351	जॉन बाप्टीस्ट रोड
1352	टोबॅक्को कारखाना
1355	संत. थेरेसा चर्च
1356	खेर वाडी /चेतना महाविद्यालय
1358	म.गांधी विद्या मंदिर बांद्रा
1359	बिल्डींग नं. 46
1361	महानगरपालिका कार्यालय
1362	शांती आश्रम
1363	जीवन नगर
1364	गोराइ पुल
1365	गोराइ आगार
1366	विविध भारती
1367	एम. एच.बी वसाहत म्हाडा
1368	डॉन बॉस्को स्कुल बोरीवली
1369	वझिरा नाका
1370	बभाइ नाका
1371	महाराष्ट्र नगर बोरीवली
1373	जीवन बिमा नगर
1374	एल.आय.सी कर्मचारी शिक्षण केंद्र बोरीवली
1378	गोखले पुल
1381	असल्फा गाव
1382	टाटा विज केंद्र
1384	शांती नगर मरोळ
1385	दत्त टेकडी/शिव टेकडी
1386	प्रताप नगर मील्स
1387	दत्त पाडा
1388	रांजेद्र नगर
1390	अशोक सभाग्रुह
1391	सांताक्रुझ स्थानक
1398	एस.एन.डि.टी. महाविद्यालय जुहु
1399	उत्पाल सांघवी शाळा
1400	भवन्स महाविद्यालय
1401	अंधेरी स्पोर्टस कॉंम्प्लेक्स
1402	बँक ऑफ इंडीया अंधेरी
1403	ढाके वसाहत
1404	ओशिवारा पोलीस ठाणे
1405	शांती वनरोड जंक्शन
1407	तारापोरे उद्यान (शांती वन)
1408	हायलँड उद्दान ओशीवरा
1411	रुशी कॉंम्प्लेक्स (दहीसर-प)
1412	एकसार कोळीवाडा
1413	एकसार गाव
1414	ठाकुर पाखाडी
1415	सी.के.पी वसाहत
1417	होली. क्रॉस रोड
1418	रुशी कॉंम्प्लेक्स (दहीसर)
1419	न्यु सिद्धार्थ नगर
1420	मोतीलाल नगर नं.2
1421	मिल्लत नगर
1422	फिल्मालया
1423	आंबोळी गाव
1424	आझाद नगर(अंधेरी)
1425	जु. चंद्रा हौसींग सोसायटी
1426	बेले व्हील्ला रुग्णालय
1427	ढोलकीया यमुना नगर
1428	जनकल्यान नगर
1429	आदर्श डेरी
1431	जनकल्यान नगर पोलीस ठाणे
1432	प्र.ठाकरे नगर सेक्टर-5
1434	चारकोप पोलीस ठाणे
1435	जय नगर
1436	चारकोप गाव
1437	राणा आणि सन्स
1438	गोखले विद्यालय
1439	यशक्रुपा इमारत
1441	चिकु वाडी/पद्मा नगर
1442	शिंपोली गाव
1443	गणेश मंदीर
1444	बी.इ.एस. महाविद्यालय
1445	हनुमान मंदीर चारकोप
1447	इंडीयन एड्युकेशन सोसायटी शाळा
1448	रमेश नगर अंधेरी
1449	हेलेन-जो उद्यान
1450	वेसाव गाव
1451	विरा देसाइ रोड
1452	पल्लवी इमारट
1453	सुविद्या शाळा
1455	राम बाग गोरेगाव
1456	लोकमान्य टिळक नगर गोरेगाव
1457	सी.सी.आय. वसाहत
1459	हरी निकेतन सोसायटी
1460	अय्यप्पा मंदीर
1461	बांगुर नगर विद्या भवन
1462	बांगुर नगर पोलीस ठाणे
1463	सातभक्ती मंदिर
1464	समर्थ नगर
1465	गांधिर विद्यालय
1466	जोगेश्वरी स्थानक(पू)
1468	संजय नगर जोगेश्वरी
1469	महाराजा भवन
1470	गुंफा मार्ग
1471	आंतरदेशीय विमानतळ-1A
1472	संतोष नगर(दिंडोशी)
1473	विलेपार्ले पोलीस ठाणे
1480	वनराइ म्हाडा/निर्लोन इंडस्ट्रिअल इस्टेट
1481	दानी लोखंड-स्टील इस्टेट
1482	प्रेमियर लाइटनिंग इंडस्ट्रिअल इस्टेट
1483	लघुउद्योग कारखाने
1484	इश्वरभाइ पटेल रोड
1485	स्वाती स्टुडिओ
1487	पेरु बाग
1488	संत.पायस चर्र गोरेगाव
1489	सेशन कोर्ट (गोकुलधाम)
1491	वाघेश्वरी मंदिर
1492	हनुमान नगर दिंडोशी
1493	मालाड स्थानक(प)
1494	मढ जेट्टी
1495	खरोडी गाव
1496	रातोडी मढ
1497	मालवणी आकाशवानी
1498	मालावणी चर्च/ मालवणी गाव
1500	आय.एन.एस. हमला मेन गेट
1501	केंद्रीय विद्यालय अक्सा
1502	जे.जे.हॉस्पीटल नर्सींग सोसायटी
1503	मार्शल वाडी
1504	अक्सा गाव
1505	अक्सा चौपाटी
1506	योगाश्रम
1507	मालती कॉटेज
1508	एरांगल गाव
1509	भाती गाव
1510	कमल बाग/14 बंग्लोज
1511	मास्टर वाडी
1512	मढ चौपाटी
1513	मढ मार्केट
1514	मढ मंदीर
1515	पास्कल वाडी
1516	मार्वे/ एस्सेल वर्ल्ड
1517	लिबर्टी उद्यान
1518	मार्वे रोड नाका/स्वामी शिवानंद चौक
1520	ओरलेम पोस्ट कार्यालय
1521	मार्वे गाव
1524	ओरलेम विहिर
1526	प्रथमपाद इमारत
1535	ओल्ड पुष्पा पार्क
1536	एस.के.पाटील आरोग्यधाम(मालाड -पू)
1537	मालाड स्थानक(पू)
1539	कांदिवली बस स्थानक(पू)
1540	इ.एस.आय.एस. हॉस्पिटल कांदीवली
1541	ग्रोवेल कंपनी
1543	संभाजी नगर(कांदीवली)
1544	हनुमान नगर कांदिवली
1545	वासा हॉस्पिटल
1546	साई उद्यान कांदीवली
1547	अलिका नगर जंक्शन
1548	अनिता नगर
1550	गौतम नगर कांदिवली
1551	दामु नगर एक्सटेन्शन
1552	दामु नगर/मयुर मार्केट
1562	साईबाबा मंदिर कांदिवली
1564	महाविर धाम पोयसर
1565	सत्य नगर
1568	महाविर नगर
1569	दत्त मंदिर (डहानुकर वाडी)
1572	महिन्द्रा कंपनी
1576	स्पेशल स्टील/रांजेद्र नगर
1578	बोरीवली स्थानक (पू)
1583	ओटीस कंपनी
1584	एम.एच.बी पोस्ट कार्यालय
1586	योगी नगर
1588	नान्सी वसाहत
1589	जय महाकाली  मंदीर
1590	गोकुल आनंद दहिसर
1592	गार्टन पाडा
1593	बोरीवली मार्केट
1594	श्री क्रुष्ण नगर(बोरीवली)/शांतीवन
1596	गोराइ खाडी
1598	जय महाराष्ट्रा नगर
1599	काजु पाडा बोरीवली
1600	धोबी घाट(बोरीवली)
1601	अभिनव नगर
1602	थाकुर कॉम्ल्पेक्स
1603	थाकुर कॉम्ल्पेक्स पोलीस ठाणे
1604	संतोषी माता मंदीर
1605	अनुराग सोसायटी
1606	अशोक वन
1607	राजशिव ईमारत
1608	डोंग्रे वाडी बोरीवली
1609	एशियन पेंटस
1610	पोस्ट & टेलेग्राफस मुलुंड
1612	नाहुर गाव/मेहुल सिनेमा
1613	गोशाला रोड
1614	आशिर्वाद इमारत
1616	डायमंड मार्केट बिकेसी
1617	महाराष्ट्र नगर भांडुप 
1618	सह्याद्री नगर भांडुप
1619	कोकन नगर भांडुप
1620	सर्वोद्य नगर भांडुप
1621	मिनी लँड
1622	जंगल मंगल रोड
1623	सांताक्रुझ स्थानक(पू)
1627	राम आश्रम 
1628	विद्या विहार बस स्थानक(प)
1629	नवसेना गेट/ किरोल गाव
1630	इंदिरा नगर/खलाइ गाव
1631	नवपाडा
1632	डोम्निक स्कुल
1633	तोलानी महाविद्यालय
1634	विद्या विहार  एस.टी. वर्कशॉप
1636	तेली गल्ली
1639	शांती नगर कुर्ला
1640	न्यु एयर इंडिया वसाहत
1641	एयर इंडिया वसाहत
1642	वाकोला मस्जीद
1643	मिलिटरी आउटपोस्ट
1644	ठाणावाला लेन
1645	श्री पालेश्वर सोसायटी
1646	भुट्टा महाविद्यालय
1651	हिंदुस्तान पेट्रोलीयम
1652	आय.सी.आय कंपनी
1653	ओर्डीनन्स आगार(रे रोड -पू)
1654	टाटा ओइल मिल/हिंदुस्तान लिव्हर लिमिटेड
1655	हे बंदर
1656	हिंदुस्तान लिव्हर (रे रोड)
1657	कोल बंदर
1658	गाडी अड्डा
1659	शिवडी स्थानक(पू)
1664	फ्लोरा होटेल/वाटुमल इंजीनीयरींग महाविद्यालय
1676	रावली कँप
1678	कलिना मार्केट
1681	कमानी ओईल इंडस्ट्रिज
1682	चांदिवली स्टुडिओ
1683	पेट्रोल पंप चांदीवली
1686	सहार कार्गो संकुल
1687	सहार एयर इंडीया होटेल
1688	संत.जोसेफ टेक्निकल स्कुल
1689	होली क्रॉस रोड/ प्रिमीयर कंपनी
1694	मोहीलि गाव
1695	लोकमान्य टिळक नगर असल्फा
1696	सुभाष नगर घाटकोपर
1697	संत. एन्थोनी चर्च
1698	लक्की होटेल
1699	खेरानी बाग
1700	जंगलेश्वर महादेव मंदिर
1703	चकला सिगरे फॅक्टरी
1704	कोडीवडे गुंफा/महाकालि गुंफा
1705	बामण पाडा
1707	साईबाबा मंदिर मरोळ
1709	तरुण भारत सोसायटी
1711	विलेपार्ले रेलवे क्रॉसींग
1712	आझाद नगर (पार्ले)
1713	मीलन टॉकीज
1715	गोवंडी बस स्थानक
1717	सारस्वत बँक
1720	आरे रुग्णालय/महानगरपालिका शाळा
1721	सेंट्रल डेरी
1722	युनीट नं.7
1723	दादासाहेब फाळके चित्र नगरी
1724	दिंडोशी पाडा
1725	अग्नीशमन दल (गोरेगाव)
1726	छोटा काश्मीर
1727	कोकनण विकास मंडळ
1729	न्य झिलँड होस्टेल
1730	करीम बंग्लोज
1731	डेरी संशोधन केंद्र
1732	युनीट नं.13
1733	युनीट नं.10
1734	क्रांती नगर कांदिवली
1736	आर.बी.आय वसाहत(दिंडोशी)
1737	गितांजली इमारत
1738	स्टेट बँक वसाहत दिंडोशी
1739	अशोक हॉस्पीटल
1740	देसाइ महानगरपालिका रुग्णालय
1741	जितेन्द्र मार्ग
1743	डॉ.सुचक चौक
1745	ओ.एन.जी.सी वसाहत(डिंडोशी)
1746	आर.बी.आय वसाहत(गोरेगाव)
1747	हिंदुस्तान पेट्रोलीयम वसाहत
1748	हौंसीग वसाहत दिंडोशी
1749	यशश्री इमारत
1752	सिप्झ गाव
1754	कमलीस्तान स्टुडिओ
1756	शिवाजी नगर पोस्ट कार्यालय
1757	नारायण गुरु हायस्कुल
1758	शिवसेना कार्यालय(चेंबुर)
1759	चेंबुर स्थानक रोड
1761	ठक्कर बाप्पा वसाहत
1764	चिल्ड्रन्स होम
1765	शेल वसाहत
1766	सहकार नगर(चेंबुर)
1770	पेस्टम नगर
1771	झुलेलाल चौक घाटकोपर
1772	महेश्वरी धाम
1773	सोमैय्या महाविद्यालय
1774	ओडीयन सिनेमा
1775	स्टँडर्ड चार्टड बँक
1777	गणेश मंदिर/शिवनेरी चौक
1779	टागोर नगर उद्यान/विक्रोली पुल
1780	टागोर नगर पोस्ट कार्यालय
1781	टागोर नगर 3
1782	टागोर नगर 4
1783	टागोर नगर 5
1785	सहकार टॉकीज चेंबुर
1786	लोकमान्य टिळक नगर चेंबुर
1787	महानटरपालिका शाळा चेंबुर
1788	दादोजी कोंडदेव नगर(खारदेव नगर)
1790	एवरेस्ट को.ओप.सोसायटी
1791	टाटा नगर /संभाजी नगर
1792	देवनार म्युनिसिपल कॉलनी
1793	देवनार फायर ब्रिगेड कॉलनी
1799	चेंबुर लेव्हल क्रॉसींग
1802	धैर्यवान चौक
1803	संदेश होटेल
1804	आर. सी. एफ. होस्टेल (चेंबुर)
1805	जिजामाता नगर माहुल
1808	गडकरी खाण
1809	पॉलीकेम ली./ पेप्सीको
1810	म्हाडा बस स्थानक
1811	मिठागर बस स्थानक
1812	म्हाडा कार्यालय(मुलुंड पू)
1813	अरुनोद्य नगर
1817	जय गणेश टॉकिज मुलुंड
1818	रिद्धी-सिद्धि सोसायटी मुलुंड
1819	चित्रांगण सोसायटी
1821	बी.ए,आर.सी (उत्तर दरवाजा)
1822	बी.ए,आर.सी  ट्रेनींग स्कुल
1823	कपील वास्तु
1824	 इंद्र प्रस्थ
1826	बैंगन वाडी
1829	क्रुष्णा बाग/ फाइन आर्टस सभाग्रुह
1830	अमर टॉकीज
1831	ड्युक्स कंपनी(देवनार)
1832	घाटकोपर स्थानक
1833	राजावाडी रुग्णालय
1834	गांधी मार्केट घाटकोपर
1835	देरासर लेन
1836	अम्रुत नगर
1837	मानखुर्द स्थानक (उ)
1839	जैन मंदीर घाटकोपर
1841	विक्रोली इंडस्ट्रिअल इस्टेट
1850	काजु पाडा
1851	बाबु गेनु मार्केट
1852	हनुमान मंदिर घाटकोपर
1854	राम भवन घाटकोपर
1859	आग्रा रोड नाका
1860	हिंदुस्तान चौक
1861	मुलंड वसाहत
1862	पवइ चौक मुलुंड
1863	जय शास्त्री नगर
1864	अमर नगर
1870	हिरानंदानी गार्डन
1872	विक्रोली स्थानक (पू)
1876	कन्नमवार नगर
1880	ऐरोली बस स्थानक
1881	वाशी रेलवे स्थानक
1883	वाशी (जुहु नगर)
1884	जुहु गाव
1885	सेक्टर 28 आणि 29 वाशी
1886	समता नगर(कोपर खैराणे)
1887	आर. एफ. स्कुल
1888	कोपर खैराणे
1889	तेरना इंजिनीयरींग महाविद्यालय
1892	महापे नाका
1893	स्टँडर्ड अल्कली कंपनी
1894	घनसोली नाका
1895	तलवली नाका / नोसिल कंपनी
1896	गोठीवली गाव/ दुरद्धनी केंद्र
1898	रबाले पोलीस ठाणे
1899	दिवा गाव
1900	सेक्टर नं.16 ऐरोली
1901	सेक्टर नं.17 ऐरोली
1902	ऐरोली सेवरेज प्लान्ट
1903	सेक्टर नं.4 ऐरोली
1905	सेक्टर नं.9 / जुहु नगर मार्केट वाशी
1906	गरोडीया पॅलेस
1907	ओडियन सिनेमा
1909	साधना कास्टिंगस भांडुप
1910	हिंद रेक्टीफायर कॉर्पोरेशन
1911	मिलींद नगर भांडुप
1912	तुलशेत पाडा
1914	हनुमान मंदिर(तुलशेत पाडा)
1915	खोत रोड
1916	क्रुपा इमारत
1917	गेलडा नगर
1918	जगदुशा नगर
1919	म्हाडा वसाहत (चांदिवली)
1921	आशीर्वाद सोसायटी
1926	विक्रोली स्थानक(प)
1930	सर्वोद्य नगर जोगेश्वरी
1932	विकास नगर सोसायटी
1933	आयकर वसाहत जोगेश्वरी
1934	दत्ता मंदीर
1935	बामनदाया पाडा
1937	अशोक नगर
1939	गणेश पाडा
1940	मिंलिद नगर
1947	पांडुरंग वाडी
1948	ओर्डीनन्स फॅक्टोरी
1949	संगिता टॉकिज
1951	वैशाली नगर दहिसर
1952	सुहासीनी पावसकर मार्ग
1954	सी. बी.डी. बेलापुर स्थानक
1955	उरण फाटा
1960	टाटा प्रेस
1963	कोकन भवन
1964	फळे आणि भाजी मार्केट
1966	बी. ए.पी मार्केट
1976	सौराष्ट्र बँक
1978	सेक्टर नं. 26 वाशी
1982	नेरुल रेलवे स्थानक(उ)
1983	मॅफको मार्केट
1984	सानपाडा स्थानक
1985	अप्पीजे स्कुल
1997	राणि सती मार्ग महानगरपालीका शाळा
1998	शांताराम तलाव
1999	हिरा पार्क
2000	स्टेट बँक  ऑफ इंडिया मालाड
2001	रमेश होटेल मालाड
2002	कुरार पोलीस ठाणे
2003	त्रिवेणी नगर
2004	तपोवन(पठान वाडी)
2006	प्रेम नगर जोगेश्वरी
2009	आर.सी.एफ वसाहत
2011	मिलींद नगर घाटकोपर
2012	एम्ल्पॉयमेंट एक्सचेंज (घाटकोपर)
2013	होम गार्ड ट्रेनींग स्कुल
2014	टेंबी पाडा
2015	मीनी लँड सोसायटी
2016	शिवाजी तलाव
2017	अशोक केदारे चौक
2018	शिव दर्शन (तेरेसा रोड)
2019	नारदास नगर
2020	टेंबी पाडा नाका
2021	टेंबी पाडा पाइप लाइन
2024	गावदेवी नाका/ मधुकुन बिल्डींग
2027	कांजुरमार्ग स्थानक (प)
2028	हनुमान नगर (नाहुर)
2029	एकता नगर भांडुप
2030	भांडुप पिपल्स स्कुल
2031	प्रताप नगर भांडुप
2034	उत्कर्ष नगर
2037	बांद्रा फाटक(पू)
2039	बांद्रा रेलवे टर्मीनस
2040	खार स्थानक (पू)
2048	स्रुष्टी
2049	अंकुर इस्टेट एजेन्सी
2050	प्रेम सागर मीरा रोड
2051	अक्षया (मीरा रोड)
2052	सेक्टर नं.8 मीरा रोड
2053	आदर्श बालवाडी
2054	अपना बाजार(मीरा रोड)
2055	सुर्या शॉपींग सेंटर 
2056	मधुश्री (मीरा रोड)
2057	रॉयल होटेल (स्रुष्टी)/ काशीमीरा
2058	एस.के.स्टोन मीरा रोड
2059	घोडबंदर गाव मार्ग
2060	घोडबंदर गाव
2061	भांयदर स्थानक (पू)
2062	भायंदर फाटक(पोलीस चौकी)
2063	कस्तुरी इस्टेट
2064	घोडदेव नाका
2065	राम नगर भायंदर 
2066	महाराष्ट्र मित्र मंडळ
2068	बंदरवाडी नाका
2077	दत्ता मंदिर (वाकोला)
2078	डायमंड पार्क
2084	लोकमान्य टिळक चौक
2085	सरदार चौक
2086	मालाड इंडस्ट्रिअल इस्टेट
2087	क्रुष्णा बिल्डिंग
2088	नेव्ही नगर मालाड
2089	आदर्श नगर (मालाड)
2090	जिजामाता विद्यालय
2091	खोत रोड
2092	अप्पापाडा
2096	मोरा गाव
2099	हरे राम हरे क्रुष्ण मंदिर
2100	सुमती स्कुल
2101	वैकुंठ धाम
2102	कोकणी पाडा बोरीवली
2104	गावडे नगर
2105	फिश मार्केट(बोरीवली)
2106	निर्मल बिल्डींग
2111	ट्रक टर्मीनल
2115	एम्बॅसीडर होटेल
2117	आर.बी.आय वसाहत (अंधेरी)
2118	चरतसिंग वसाहत
2120	स्वामी डी.सरस्वती चौक फोर्ट
2122	शिवनेरी बिल्डिंग
2123	प्रगती हायस्कुल
2126	सेक्टर नं 6 चारकोप
2127	दुर्गा महेश्वरी मंदिर
2128	कुन्ची कुर्वे नगर
2129	संत. पायस स्कुल कलिना
2131	आम्बे वाडी
2132	पारसी वाडा
2149	निलम नगर(मुलुंड -पू)
2150	सेनापती प्रतापराव गुजर रोड
2154	न्य हिंदुस्तान दोर
2158	कमल विहार क्रिडा संकुल
2160	पटेल नगर
2161	राधा महेश्वरी चौक
2163	सर अली यावर जंग मार्ग / राणी सती मार्ग
2164	प्रभु होटेल(कुरार गाव मार्ग )
2165	इंदिरा नगर मालाड
2170	संगम नगर
2171	इंडियन हुमे पाइप कंपनी
2172	बरकत अली दर्गाह
2173	भगत सिंग नगर
2190	सुवर्णा रुग्णालय
2191	रुप टॉकीज
2204	जे.व्ही.जी फायनॅनस
2205	महेश्वरी नगर
2206	साई मंदिर/सुरज हाउस अंधेरी
2218	ओर्के मील्स 
2219	केलकर  महाविद्यालय
2220	साने गुरुजी नगर
2224	जयराज नगर
2225	राजस्थान बँक
2226	स्वामी नारायण मंदिर घाटकोपर
2241	गणेश नगर वडाळा
2242	शांती नगर वडाळा
2243	भक्ती पार्क गेट
2250	शिवाजी नगर आगर
2251	डंपीग ग्राउंड / निरंकारी भवन
2252	जाफ्री स्कुल
2275	पवइ विहार कॉम्ल्पेक्स 
2279	चार बंगला (मार्केट)
2281	महाविर नगर एक्स्टेशन / पारीजात सोसायटी
2282	पारीजात पोयसर
2286	ए.टी.आय
2287	पी.एम.जी.पी वसाहत जोगेश्वरी
2290	केणी विद्यालय
2291	कुर्ला नागरिक सहकारी बँक
2293	हरीयाली गाव /लिंक रोड
2306	गेट वे प्लाझा
2307	बेयर हाउस
2308	हिरानंदानी जंक्शन
2310	अम्रुत शक्ती
2312	ओम नगर (वेर हाउस)
2313	वैभव आसावरी सोसायटी(वेर हाउस)
2314	जैन मंदिर(ओम नगर) अंधेरी
2315	क्रांती नगर अंधेरी
2316	आर.भी.आय. वसाहत (भांडुप गाव -पू)
2322	बोरीवली फाटक (पू)
2323	अंबा वाडी
2324	पर्वत नगर
2325	मानव कल्यान केंद्र
2326	राजश्री सिनेमा
2327	आय.सी.आय.सी. आय बिकेसी
2328	सिटी बँक बीकेसी
2330	स्वप्न नगरी (योगी हिल)
2331	कदम पाडा
2332	आदिशक्ती नगर(योगी हिल)
2333	एस.यु.पंप (योगी हिल) मुलुंड 
2334	विणा नगर (योगी हिल)
2335	मोडेल टाउन(मुलुंड)
2353	पेणकर पाडा
2354	आत्माराम नगर(स्रुष्टी)
2355	गणेश मंदिर दहीसर
2356	शांती नगर गेट मीरा रोड
2359	सरदार नगर नं.1
2381	नवरंग टॉकिज
2390	संस्क्रीती अपार्टमेंट
2391	सराफ चौधरी नगर
2392	गोकुल उद्यान
2393	कोनार्क अपार्टमेंट
2394	मेरिंद कंपनी
2395	धन्वंतरी रुग्णालय
2396	मुलुंड न्यायालय
2399	राम वाडी जोगेश्वरी
2419	एलको मार्केट
2425	छेडा नगर
2444	विजय नगर मरोल
2446	पोलीस कँप अंधेरी
2447	साईनाथ नगर अंधेरी
2449	माहिम कोलीवाडा
2450	श्याम नगर
2452	पार्क स्ट्रीट
2453	स्वामी समर्थ नगर
2454	फैथ (अंधेरी)
2455	ब्युटी गुरुज
2456	जानकी देवी विद्यालय
2457	नहार संकुल गेट(म्हाडा)
2458	मुलुंड डेपो
2470	एम.एम.आर.डी. ए
2473	शिव प्रेमी नगर
2474	कुलकर्णी वाडी
2476	तुंगा गाव
2488	भांडुप गाव जंक्शन
2490	मुलुंड ऐरोली टोल नाका
2495	कल्पतरु इस्टेट
2516	मरीअम्मा मंदीर
2517	मुव्ही टाईम सिनेमा
2524	सेक्टर नं.10
2526	हिरानंदानी जंक्शन
2532	स्टेट बँक आफ इंडीया
2540	चंदन सिनेमा
2567	आर.सी.एफ कार्यालय(चेंबुर)
2568	माहुल मार्केट
2572	रावल पाडा(बोरीवली -पू)
2575	सेक्टर नं. 5 ऐरोली
2577	शितल सरोवर(मीरा रोड)
2578	जम्मु आणि काश्मीर बँक मीरा रोड
2591	अंबाजी धाम
2594	अश्मीता संकुल
2595	ए.एच.स्कुल
2603	प्राप्ती सोसायटी
2604	शिम्पोली नाका
2605	गोरेगाव चेक नाका नं.3
2607	गोदरेज कंपनी (पू)
2612	दुरध्वनी केंद्र घाटकोपर
2613	धारावी गाव
2614	री-ट्रीट होटेल अक्सा
2615	व्यास वाडी
2616	शिवाजी नगर मढ
2618	छोटा काश्मीर पोलिस ठाणे
2620	फोरेस्ट क्लब पवई
2621	शेट्टी विद्यालय
2622	जल-वायु विहार
2624	म्युनिसिपल दवाखाना सांताक्रुझ
2625	फाटक टेक्नीकल स्कुल
2627	600 टेनामेंन्ट गेट
2631	ग्रीन पार्क
2632	गुलमोहर सोसायटी
2633	सी.बी.आय. वसाहत
2640	महाराष्ट्र नगर
2644	ओम बिल्डींग
2645	कोपर खैराणे एक्सटेंन्शन
2646	पारसीक बँक(नेरुल)
2653	राजहंस सोसायटी बोरीवली
2661	माथाडी भवन
2662	दाना बाजार
2663	समाज मंदिर सभाग्रुह (सेक्टर 10 वाशी)
2664	सेक्टर नं. 10-15 वाशी
2665	मोडर्न उशा वसाहत
2666	आंबेडकर चौक
2668	आर.बी.आय (मुंबइ सेंट्रल )
2670	सेक्टर नं. 9 ऐरोली
2672	गोल्डन गेट
2673	गझदार बंधु म्युनीसिपल स्कुल
2674	आर.बी.आय क्वार्टर्स (खार)
2683	नागपाडा
2702	हेलेन केल्लार सोसायटी
2703	नानेपाडा जंक्शन (मिठाघर)
2706	आशिर्वाद रुग्णालय
2707	शिव भवानी
2708	कार्पोरेशन बँक दहीसर
2709	शक्ती नगर
2710	सोमपुरी मार्केट
2714	आगवाडी
2719	गोवर्धन नगर/ बोरसापाडा
2720	पंचशिल अपार्टमेंट
2721	रश्मी-राठी सोसायटी
2722	गणेश सोसायटी
2723	भाब्रेकर नगर नं.1
2724	भाब्रेकर नगर नं.2
2726	प्रसन्ना सोसायटी
2729	मयुर नगर
2730	सेंट्रल डेरी तबेला
2734	विक्रम साराभाइ भवन ( अणुशक्ती नगर)
2741	शिव धाम (रुषी संकुल)
2744	घोडपदेव
2745	जलाराम सोसायटी
2748	के.सी. कपंनी
2749	ग्रीन लॉन अकादमी
2750	हिटको
2751	गोल्डन नेस्ट
2752	आदर्श हायस्कुल
2754	आर.सी.एफ वसाहत(भांडुप गाव -पू)
2762	एकता विवेक बिल्डिंग दहिसर
2763	कंदार पाडा
2766	नेताजी सुभाषचंद्र बोस क्रिडांगण
2767	मिलेनियम बिझनेस पार्क
2768	ट्रक्टर इंजिनियरींग लिमीटेड(महापे
2772	मर्चंट ब्रदर्स
2774	अगरवाल महानगरपालीका रुग्णालय
2780	हनुमान टेकडी
2781	म्यनिसिपल मार्केट / साईबाबा मंदिर
2784	शिवसाई मंदिर
2785	जिजामाता मंदिर /कुरार मार्केट
2786	कुरार गाव एक्सटेन्शन
2788	बेला निवास
2792	कॅटरींग महाविद्यालय
2794	माहीम फाटक(पू)
2799	नुरानी मंदिर (पठाण वाडी)
2801	हायलँड पार्क मुलुंड
2803	म्युनिसिपल कॉलोनी सेक्टर -बी
2805	खिंडी पाडा
2809	कोकणी पाडा मालाड
2823	महानगरपालिका वार्ड कार्यालय / आंबेडकर उद्यान
2827	च्युइम गाव
2830	गणेश मंदिर चारकोप
2835	रामगड (अनिता नगर ) कांदिवली
2836	आय.इ.एस. विद्यालय
2837	श्रीजी अव्हेन्यु सोसायटी
2838	होली अँजेल्स हायस्कुल
2842	शिवाजी नगर रोड नं.8
2845	योगी हिल्स
2847	सुंदर नगर मीरा रोड
2848	बेव्हर्ली पार्क
2849	जैन मंदिर कांदिवली
2850	नारसी पाडा
2851	पाईप लाईन
2852	शिवाजी चौक मुलंड
2854	हाजी बंदर न्यु गेट
2855	डॉ. एस.पी. मुखर्जी उद्यान बोरीवली
2856	आजारा बँक
2857	पेप्सी गार्डन
2858	राम नगर शिंपोली
2859	हरिदास नगर
2860	अंकुर पॅलेस
2862	भारत नगर जुहु
2863	नताशा टॉवर
2864	नाना-नानी पार्क
2872	भविष्य निधी भवन
2873	ठाकुर सिनेमा
2874	ठाकुर महाविद्यालय
2875	समता नगर(कांदिवली)
2878	दत्तापाडा फाटक
2880	पाटीदार वसाहत
2886	जनता मार्केट विक्रोली
2888	योगी होटेल
2891	न्यु गौतम नगर
2892	बहाले पाडा
2893	निबोंर पाडा
2896	संजय नगर मालाड
2897	आशिष नगर
2899	अलाहाबाद बँक
2903	लोकमान्य टिलक टर्मिनस
2905	आमची शाळा
2907	न्यु टिळक नगर गेट
2914	नायडु कॉलनी
2921	महाविर धाम घाटकोपर
2922	शितल धाम
2924	ओ.एन.जी.सी. कॉलनी ( अम्रुत नगर)
2925	डहानुकर महाविद्यालय
2926	दत्त मंदिर (शिंपोली)
2929	नागारी निवारा 1 आणि 2
2936	गौतम नगर अंधेरी
2937	डॉ. आंबेडकर कॉलनी / 18वा रोड
2938	खार 14वा रोड
2939	10वा रोड
2942	आंबे वाडी ( गोळीबार)
2943	गोळीबार खार
2944	4था रोड (गोळीबार)
2946	महानगरपालिका कॉलनी सेक्टर -डी
2949	मिठा नगर
2950	बांगुर सभाग्रुह
2951	द्वारकाधीश सोसायटी
2952	कावेरी महिमा सोसायटी
2953	क्रीष्णा लिला हौसिंग सोसायटी
2963	ठाकुर गाव
2964	मर्क्युरी बिल्डींग
2966	मुंबई पशू विद्यालय
2967	राष्ट्रीय मिल मजदुर संघ (परळ)
2968	मिंट कॉलोनी
2969	पटेल वाडी
2970	आंबेडकर नगर
2978	नागबाबा मंदिर (डायनालोग कंपनी)
2980	गुरु नानक शाळा
2981	वर्षा नगर
2982	म्युनिसिपल गार्डन (विक्रोळी)
2983	कालीदास औघ्योगिक वसाहत
2985	आदित्य अपार्टमेंट
2986	गणेश चौक कांदीवली
2987	निर्लोन सोसायटी
2989	अमरनाथ पाटिल क्रीडा संकुल / बानगंगा
2990	तुर्भे गाव
2991	शुभम पॅलेस (सेक्टर 7)
2992	फिशर रोज माऊंट कंपनी 
2997	कोकण नगर अंधेरी
2998	म्युनिसिपल शाळा (मलाड)
3001	एम. एस. ई. बी. कार्यालय कोपरखैरणे
3002	बिमबीसार नगर
3003	नेबरहुड सोसायटी
3004	ग्रीन हिल गेट नं. 4
3005	संतोष नगर पोलिस एक्सटेंशन
3022	बी. एच. ई. एल. कंपनी
3035	खालसा कॉलेज
3113	चकाला (साटम वाडी)
3124	सयानी मार्ग
3143	एम. आय. डी. सी. इलेक्ट्रोनिक सदन
3145	चर्नी रोड रेल्वे स्थानक
3158	साईबाबा मंदिर / कोकण बँक 
3165	मॅजेस्टिक सिनेमा
3172	आंनद नगर (दहीसर)
3173	एन. एल. कॉम्पलेक्स
3175	सुधींद्रा नगर
3178	श्री कोटेश्वरी मंदिर
3180	व्हाईस रॉय पार्क
3195	गोरेगाव स्थानक (पू)
3196	जगत सतगुरु औघ्योगिक कॅलोनी
3198	प्रवासी औघ्योगिक कॅलोनी
3201	विद्या मंदिर
3202	सावे नगर
3212	अंटोप हिल एक्सटेंश्न
3213	अंटोप हिल सेक्टर 7
3215	म्युनिसिपल कॉलोनी (विक्रोळी)
3221	गिरीधर पार्क
3222	बाफिरा नगर
3231	माहिम (पॅराडाईज)
3239	आय. बी. पी. कंपनी
3240	कर्तव्य नगर
3267	शिवडी कोर्ट
3270	चिंचवाडी / गार्टेन पाडा
3272	ऊष्मा नगर
3273	सालासर हनुमान मंदिर मलाड
3274	शामराव विठ्ठल बँक (वाशी)
3275	ए. पी. एम. सी. सेक्टर 19
3280	गरवारे चौक
3283	गोरेगाव टेलिफोन एक्सचेंज
3292	म्हाडा कॉलोनी मालवणी
3293	साईश्रद्धा शॉपिंग सेंटर मालवणी
3294	रविकिरण सोसायटी मालवणी
3295	गुरुद्वारा मालवणी
3297	न्यु लिंक रोड जंक्शन
3298	एकता नगर कांदीवली
3301	एकता सोसायटी मरोळ
3303	मिनी नगर
3304	ब्लॉसम कंपनी
3306	घाटकोपर पोस्ट ऑपिस
3316	शिवडी पोलिस स्थानक / दारुखाना
3318	राजन पाडा
3327	मिठ चौक मलाड
3335	बी. पी. सी. एल. स्पोर्ट कल्ब
3336	विष्णु नगर
3337	आंतरराज्य बस टर्मिनस 
3338	कमल टाऊनिंग कंपनी
3339	आर. सी. एफ. (चेंबुर)
3340	सेंट झेविअर तांत्रिक संस्था
3342	गॅलक्सी विह्यु बिल्डिंग
3344	बी. एम. सी. वार्ड कार्यालय
3346	माटुंगा लेबर कॅम्प
3348	अंधेरी फायर ब्रिगेड
3355	मुळजी नगर
3360	दहिसर फाटक (प)
3361	बोरीवली फाटक (प)
3362	अवधुत नगर
3367	महाराष्ट्र काटा अस्लफा
3368	वाय. बी. चव्हाण प्रतिष्ठान
3369	विधान भवन
3371	हिंदुस्तान लिवर लि.
3372	बानवारी कंपाऊड
3373	चार बंगला
3375	ईंडियन ऑईल नगर
3376	देवनार पोलीस ठाणे
3383	कँटीन स्टोर्स विभाग
3386	सोमानी ग्राम
3387	मुव्ही स्टार टॉकीज
3388	अरीहंत इंडस्ट्रीअल इस्टेट
3391	एल.एस.रहेजा महाविद्यालय
3392	यशो धाम
3397	स्टेट  बँक ऑफ इंडिया मरोळ
3410	अलफत हमारा घर सोसायटी
3412	रामेश्वर बँक बोरीवली
3413	शिंपोळी टेलिफोन एक्सचेंज
3414	बेस्ट अधिकारी निवास (गोरई)
3415	स्वामी विवेकानंद विद्यालय
3417	सिद्धराज सोसायटी
3418	ॠषी वन बोरीवली
3419	श्री साई हॉस्पिटल 
3421	सामना परिवार
3422	संकल्प सोसायटी (नागरी नीवारा)
3423	सुयश शॉपिंग सेंटर
3424	गिरीराज सोसायटी 
3425	शिवशाई प्रकल्प / मंत्री पार्क
3426	निमकर सोसायटी
3429	बँक ऑफ बरोडा (जोगेश्वरी)
3433	ईराणी पुल
3435	सातपुडा सोसायटी
3437	गिरीशिखर
3438	बी. ए. आर. सी. गेट नं. 6
3441	एन. एस. सी. कंपाऊड
3443	हिंदु स्मशानभुमी
3446	हेमा पार्क
3447	डी. ए. वी. कॉलेज भाडुंप
3448	ऊदया श्री मार्ग
3451	चार नळ
3452	रेल्वे अपघात कोर्ट
3453	वुड हाऊस
3454	आय. एन. एस. अश्विनी हॉस्पिटल
3457	संतोष नगर पोलिस चौकी
3458	श्रद्धा नगर
3459	नागेश्वर मंदिर
3460	एस. आर. ए. कॉलोनी (वाशी नाका)
3461	विनय हाय स्कुल
3462	एस. आर. ए. कॉलोनी (मानखुर्द)
3463	लालुभाई कंपाऊड पोलिस चौकी
3465	नाहुर रेल्वे स्थानक
3467	शिवर गार्डन
3468	ओ. एन. जी. सी. कॉलोनी (बी. के. सी.)
3469	हिंदी शाळा (बी. के. सी.)
3470	न्यु ईंग्लिश शाळा
3475	शांताराम पुजारे चौक
3477	उमा महेश्वरी मंदिर
3478	कृष्णा नगर
3479	महाराष्ट्र काटा मरोळ
3487	आर. अण्ड सी. मुलुंड
3488	आदर्श नगर (गोरेगाव)
3489	आदर्श नगर नाका (गोरेगाव)
3490	नवजीवन नगर
3491	केंद्रीय विद्यालय चेंबुर
3492	मल्हार अपार्टमेंट
3493	बी. ए. आर. सी. कॅलेज
3494	बी. ए. आर. सी. शाळा नं. 6
3495	रेल्वे निवास (खार)
3496	हुसैन टेकडी
3497	ईंदिरा नगर पोलिस चौकी
3498	लो. कॉम्पलेक्स खार
3499	देसाई म्युनसिपल हॉस्पिटल (सांताक्रुज)
3500	हनुमान मंदिर (सांताक्रुज)
3502	वाडिया हॉस्पिटल
3516	सारीपुत नगर
3570	पारशी वाडा (लालबाग)
3571	काशी गाव
3572	नागरी निवारा विद्यालय
3573	नागरी निवारा बिल्डिंग 16
3574	नागरी निवारा नं. 5
3575	टेक्नो आय. सी. बी. (चिंचोळी बंदर मार्ग)
3576	न्यु लिंक रोड (चिंचोळी बंदर मार्ग)
3577	रुबी औघ्योगिक वसाहत (चिंचोळी बंदर मार्ग)
3578	डिसुझा नगर
3579	शेठिया नगर
3582	घाटीपाडा मुलुंड
3583	वडळा गेट नं. 4
3584	साईबाबा नगर कांदीवली
3586	अ. पालजीभाई बोरीचा चौक
3587	भुसा औघ्योगिक वसाहत
3588	सीएट कंपनी
3589	कुलाबा पोस्ट ऑफिस
3591	हेमा औघ्योगिक वसाहत
3592	हॉटेल ग्रॅंड हयात
3593	एम. एच, बी. कॉलोनी जोगेश्वरी
3595	मथुरादास कॉलोनी
3596	नमस्कार
3597	नॅशनल डेअरी मलाड
3598	नेवघर नाका
3599	सप्तरंग सोसायटी
3600	शिवाजी नगर (सांताक्रुज)
3601	सुभाष नगर बांद्रा
3602	टोलानी नाका जोगेश्वरी
3603	वाकोला गाव
3604	अभिनव शाळा
3605	अशोक नगर (सांताक्रुज)
3606	आझाद नगर मिरा रोड 
3607	भाईदया नगर (भायंदर)
3608	भायंदर मार्केट
3609	चैतन्य हॉस्पिटल मिरा रोड
3610	जनता कॉलोनी / शिव मंदिर मलाड
3611	कामराज नगर
3612	खारी गाव
3613	लालजीपाडा पोलिस चौकी
3614	म्हाडा कॉलोनी माजस
3615	पत्थर नगर (बांद्रा)
3616	आर. आर. कांबळे मार्ग जंक्शन
3617	रेणुका नगर
3618	सालसार नगर
3619	शांती नगर (कांदीवली)
3621	श्री नाथ कॉम्पलेक्स मिरा रोड
3622	सेंट चार्लस कॉनवेंट स्कुल 
3623	विनाज अपार्टमेंट
3624	वडारपाडा (मुलुंड)
3625	वालजी लढ्ढा मार्ग (मुलुंड)
3626	सोना रुग्णालय वाकोला
3627	नेहरु वाचनालय (विद्या नगरी)
3628	टोलानी नाका
3629	दुर व मुक्त शिक्षण संस्था (विद्या नगरी)
3630	गरवारे संस्था (विद्या नगरी)
3631	महात्मा फुले भवन (विद्या नगरी)
3633	आंबेडकर भवन (विद्या नगरी)
3635	फोरेनसिक लॅब
3637	सुमेर हाऊस
3639	आय. ई. एस. स्कुल जो. वि. लिं. र. 
3640	भिम नगर
3646	इनऑरबिट मॉल
3650	जिवन वीमा मार्ग
3652	नरीमन पॉईंट अग्नीशमन केंद्र
3653	फ्री प्रेस जर्नल हाऊस
3655	फ्री प्रेस जर्नल मार्ग
3656	एम. एम. आर. डी. ए. / पे एन्ड पार्क (बी. के. सी.)
3657	नाबार्ड बँक (बी. के. सी.)
3658	गिलबर्ट हिल (पंचम सोसायटी)
3659	म्युनसिपल ऊर्दु शाळा
3660	एन. एस. ई. (बी. के. सी.)
3661	बँक ऑफ बरोडा (बी. के. सी.)
3662	लक्ष्मी टॉवर (बी. के. सी.)
3665	प्रादेशिक विमानतळ टर्मिनल 1 – बी.
3666	कन्नमवार नगर नं. 2
3667	रिलायंस एनर्जी (आरे कॉलोनी)
3668	युनिट नं. 8 (आरे कॉलोनी)
3669	सी. क्रॉस जंक्शन
3670	अलाहबाद बँक (हुतात्मा चौक)
3671	आशिष कॉप्मलेक्स
3672	भट वाडी
3673	भुमी कॉम्पलेक्स
3674	बी. एस. ई. फोर्ट
3675	दुधसागर सोसायटी
3676	गेट वे ऑफ इंडिया
3677	ईजमिमा
3678	लिब्रा सोसायटी
3679	ओबेरॉय वुड्स
3680	पॅराडाईम बी. 
3681	सेक्टर नं. 19 (वाशी)
3682	श्री साईबाबा कॉम्पलेक्स
3683	वासरी टेकडी नं. 2
3684	धिरज सोसायटी
3685	दुरदर्शन कॉलोनी
3686	गोकुलधाम मार्केट
3687	इराणी वाडी / रामदेव आश्रम
3688	कन्नमवार नगर नं. 1
3689	लक्ष्याचंदी सोसायटी
3690	एम. एच, बी. पोलिस स्थानक
3691	मयुर सिनेमा
3692	मिठानगर (मुलुंड पू)
3693	नवजिवन विद्यामंदिर (भांडुप)
3694	प्रबोधन ठाकरे नगर सेक्टर 2
3695	प्रतिक्षा नगर नं. 1
3696	संतोष नगर (कांदीवली प)
3697	युनिट नं. 32
3698	युनीटी हाऊस
3699	येलो गेट
3700	कुपरेज टेलिफोन एक्सचेंज
3701	हनुमान नगर (भांडुप)
3702	एम. टी. पार्क (कुलाबा)
3703	गणेशमुर्ती नगर पोलिस स्थानक 
3704	गीता नगर (कुलाबा)
3705	जोगेश्वरी स्थानक (प)
3706	मोमिन नगर
3707	महावीर एडूकेश्नल ट्रस्ट
3708	युनीकेम कंपनी
3709	शक्ती हॉस्पिटल
3710	ओशिवारा म्युनसिपल हॉस्पिटल
3711	एच. डी. एफ. सी. कॉलोनी
3712	सेंट्रल वेअरहाऊसिंग कॉरपोरेशन
3713	शॉपिंग प्लाझा (चांदीवली)
3714	गॅलिलीयो बिल्डिंग (चांदीवली)
3715	संघर्ष नगर (चांदीवली)
3716	डी. मार्ट शॉपिंग सेंटर मलाड
3717	एर्ला मसजिद
3718	प्रबोधन ठाकरे नगर सेक्टर 6
3719	प्रबोधन ठाकरे नगर सेक्टर 8
3720	रुबी सोसायटी चारकोप
3721	आयमाक्स अॅडलॅब्स
3722	बँक ऑफ इंडिया (अणिक)
3723	भक्ती पार्क कॉम्पलेक्स
3724	रघुवंशी मिल्स
3725	आंनद नगर पोलिस चौकी
3726	सर्वोदय महाबुद्ध विहार
3727	डॉ. आंबेडकर नगर नं. 2
3728	हैदराबाद इस्टेट
3729	हरी ॐ नगर मेन गेट
3730	हरी ॐ नगर (सोहम सेलेस बिल्डिंग)
3731	कुंभार वाडा (धारावी)
3732	मुलुंड चेक नाका (पू)
3733	म्युनसिपल गार्डन (चेंबुर)
3734	म्युनसिपल गार्डन (आरे)
3735	निळकंठ वॅली
3736	पोलिस ग्राउंड (घाटकोपर)
3737	शांतीसुधा पार्क / जैन मंदिर
3738	शिमला हाऊस
3739	सोमैया कॉलेज (विद्याविहार)
3740	सुर्य नगर
3741	सुर्य नगर पोलिस चौकी
3742	वल्लभ पार्क
3743	विद्याभवन (घाटकोपर)
3744	एम. टी. एन. एल. होस्टेल (बोरीवली)
3745	म्युनसिपल गार्डन (बोरीवली)
3746	सेंट लॉरेन्स हाय स्कुल
3747	कल्पना चावला चौक
3748	मानसी पॅराडाईज
3749	आत्माराम टॉवर
3750	सरदार वल्लभभाई पटेल कॉलेज
3751	मायकल वाडी (दहीसर)
3752	भक्ती पॅलेस (दहीसर)
3753	गणपत पाटिल नगर (दहीसर)
3754	हेमगिरी सोसायटी / गणेश मंदिर
3755	एम. एच,. बी. कॉलोनी (जोगेश्वरी)
3756	रिलायंस एनर्जी (चेंबुर)
3757	लोकमान्य टिळक विद्यालय
3758	टिळक नगर स्थानक
3759	म्युनसिपल लायब्ररी चेंबुर
3760	एलफिस्टन स्टेशन (प)
3761	शिवराज कॉम्पलेक्स
3762	सत्यम बिलडींग
3763	कृष्णागिरी / उपवन
3764	रहेजा कॉंम्पलेक्स (बोरीवली)
3765	कुलुप वाडी
3766	डॉ. नॉर्मन फ्रांसिस लेविज चौक
3767	शिवाजी विद्यालय (भांडूप)
3768	नाहुर रेल्वे स्थानक (पू)
3769	देवनार गाव
3770	काच वाडी (देवनार)
3771	महालक्ष्मी मंदिर (देवनार)
3772	मढ सोनापुर
3773	पेट्रोलियम हाऊस
3774	शांतीवन (बोरीवली)
3775	सावरपाडा पोस्ट ऑफिस
3776	सावरपाडा
3777	आकाशगंगा सोसायटी (धारावी)
3778	धारावी पोलिस स्थानक
3779	कामराज विद्यालय (धारावी)
3780	पंचशील गार्डन
3781	सारस्वत बँक (कांदिवली)
3782	जैन मंदिर (घोडबंदर)
3783	वर्सोवा पुल
3784	चीनी पुल
3785	काजुपाडा घोडबंदर
3786	गाय मुख
3787	भायंदरपाडा
3788	ओवळे गाव
3789	कासर वडावली
3790	आंनद नगर घोडबंदर
3791	म्रृछला कॉलेज
3792	पंचामृत
3793	वाघ बिळ
3794	डोंगरीपाडा
3795	पाटलीपाडा
3796	मुल्ला बाग
3797	मानपाडा
3798	लोकिम कंपनी
3799	तत्वज्ञान विद्यापीठ
3800	कापुर बावडी
3801	माजीवाडा
3802	सिद्धीविनायक नगर
3803	कॅडबरी जंक्शन
3804	लुईस वाडी
3805	ज्ञान साधना कॉलोनी
3806	कोपरी कॉलोनी
3807	ठाणे स्थानक (पू)
3808	दवा बाझार
3809	दुर्गा नगर (कांदीवली)
3810	कदम वाडी (कांदीवली)
3811	ग्रीन मिडोज (कांदीवली)
3812	श्री कृष्णा नगर (कलीना)
3813	फायर ब्रिगेड जंक्शन (अंटॉप हिल)
3814	भरणी नाका (अंटॉप हिल)
3815	रिलायंस एनर्जी ट्रेनिंग सेंटर
3816	रहेजा कॉलेज (सांताक्रुज)
3817	डॉ. बाबासाहेब आंबेडकर चौक (कलीना)
3818	कपिल बुद्धविहार (कलीना)
3819	साई मंदिर (घाटकोपर)
3820	रेल्वे पोलिस कॉलोनी (घाटकोपर)
3821	गरिब नगर
3822	विजय गार्डन
3823	ब्रम्हानंद / आझाद नगर जंक्शन
3824	नितिन कंपनी
3825	आनंद नगर टोल नाका (ठाणे)
3826	स्वामी विवेकानंद चौक (ठाणे)
3827	सिद्धार्थ नगर (ठाणे)
3828	गावदेवी मंदिर (ठाणे)
3830	म्युनसिपल गार्डन (शिंपोळी)
3831	म्युनसिपल पंपिग केंद्र (शिंपोळी)
3832	आय. बी. पी. पेट्रोल पंप
3833	कोकारी आगार
3834	सुदामा नगर
3835	जागरदेव कंपाऊड
3836	कॉसमॉस हाय स्कुल
3839	चांदीवली गाव
3840	मारवा इंडस्ट्रियल इस्टेट
3841	टाटा पावर सेंटर (मरोळ)
3842	कल्याण नगर (मरोळ)
3843	विवेकानंद नगर (बेलापुर)
3844	आर. बी. आय. कॉलोनी (बेलापुर)
3845	भारती विद्यापीठ
3846	बेलपाडा गाव
3847	येराला मेडीकल कॉलेज
3848	बालभारती विद्यालय (खारघर)
3849	हिरानंदानी (खारघर)
3850	लिटील वर्ल्ड (खारघर)
3851	खारघर रेल्वे स्थानक
3852	कोपरा गाव
3853	घरकुल
3854	तलोजा फाटा
3855	कामोठे गाव
3856	कळंबोली कॉलोनी
3857	एम.जी. एम. हॉसपिटल / पनवेल नाका
3858	कळंबोली गाव
3859	कळंबोली पोलिस स्थानक
3860	कळंबोली फायर ब्रिगेड
3861	कळंबोली बस स्थानक
3862	मोरे मॉल
3863	व्ही. मॉल
3864	गोकुल हेवन
3865	नाबार्ड नगर
3866	हरी निवास
3867	वंदना टॉकीज
3868	मखमली तलाव
3869	खोपट एस. टी. टर्मिनस
3870	ब्रम्हाला तलाव / मानोर पाडा
3871	कोलबाड
3872	श्रीगंगा सोसायटी
3873	राबोडी पोलिस स्थानक
3874	वृंदावन सोसायटी
3875	वागळे वार्ड कमिटी कार्यालय
3876	एम. आय. डी. सी. / पासपोर्ट कार्यालय
3877	किसन नगर जंक्शन
3878	वागळे ईस्टेट
3879	टाटा मोटर्स (ठाणे)
3880	ज्ञान सरिता (ठाणे)
3881	ज्ञानोदय विद्यालय
3882	लोकमान्य नगर (ठाणे)
3883	जामा मस्जिद (मिरा रोड)
3884	गंगा कॅम्प (मिरा रोड)
3885	लोधा कॉम्पलेक्स (मिरा रोड)
3886	भायदंर फाटक
3887	बिशप शाळा (भायदंर)
3888	जानकी रेसिडंसी (भायदंर)
3889	मांडली तलाव
3890	भायदंर पोलिस स्टेशन
3891	मिरा - भायदंर म्युनिसिपल मुख्य कार्यालय
3892	जैन मंदिर (भायंदर)
3893	बालाजी नगर
3894	भायदंर रेल्वे स्थानक (प)
3895	एकता भुमी कॉम्पलेक्स
3896	आय. सी. आय. सी. आय. बँक / सिंहगड कॉलेज (चांदीवली)
3897	विक्रोळी कोर्ट
3898	म्हाडा कॉलोनी (हिरानंदानी)
3899	गुंडेचा प्रोजेक्ट
3900	आय. आर. बी. (पवई)
3901	अण्णा साठे चौक (ठाणे)
3902	जिजामाता भोसले मार्ग जंक्शन
3903	शां. पाटिल चौक (वाशी)
3904	महाराष्ट्र राज्य को. ऑ. बँक
3905	शामराव विठ्ठल बँक वाशी
3906	सानपाडा पोलिस चौकी
3907	विवेकानंद शाळा (सानपाडा)
3908	एन. जे. पाटिल चौक (सानपाडा)
3909	सानपाडा टेलिफोन एक्सचेंज
3910	जुईनगर रेल्वे स्थानक
3911	अनिरुद्ध भवन (जुईनगर)
3912	अमृता विद्यालय (जुईनगर)
3913	जुईपाडा गाव
3914	जुईनगर सेक्टर 25
3915	चिंचोळी तलाव (नेरुळ)
3916	गणेश चौक (नेरुळ)
3917	वीर सावरकर चौक (नेरुळ)
3918	सारसोळे बस स्थानक
3919	तेरणा विद्यालय
3920	नेरुळ गाव
3921	नेरुळ स्थानक (द)
3922	गणेश सोसायटी (नेरुळ)
3923	नेरुळ जिमखाना
3924	सीवुड – दारव्हे फाटक
3925	सीवुड – दारव्हे रेल्वे स्टेशन 
3926	आरोग्य हॉस्पिटल / डी. मार्ट
3927	डॉन बॉस्को स्कुल
3928	नेरुळ सेक्टर 42
3929	बानुबाई तांडेल मार्केट (नेरुळ)
3930	आर्दश मार्केट (नेरुळ)
3931	साईधाम सोसायटी (नेरुळ)
3932	नेरुळ सेक्टर 46 / 48
3933	नेरुळ सेक्टर 2
3934	केंद्रिय विहार (खारघर)
3935	नवरंग हॉटेल (खारघर)
3936	गोखले विद्यालय (खारघर)
3937	शिवाजी चौक (खारघर)
3938	शिल्प चौक (खारघर)
3939	जलवायू विहार (खारघर)
3940	गावदेवी चौक (सरसोळे)
3941	तेरना इंजिनिअरिंग कॉलेज (नेरुळ)
3942	सृष्टी पोलिस स्थानक
3943	अस्मिता सुपर मार्केट
3944	पुनम सागर कॉम्पलेक्स
3945	गौरव रेसिडंसी
3946	मिरा रोड सेक्टर 10
3947	मिरा रोड मार्केट
3948	मानखूर्द स्थानक
3949	डॉ. आंबेडकर चौक / इंदिरा नगर
3950	जोगेश्वरी - विक्रोळी लिंक रोड
3951	सिद्धार्थ नगर (कांदिवली)
3952	धिरज एनक्लेव
3953	अशोक नगर (बोरीवली)
3954	महिशासुर मर्दीनी मंदिर
3955	ओशिवारा स्मशानभुमि
3956	एच. के. कॉलेज
3957	ए. एस. आय. एस. हॉस्पिटल (ठाकुर विलेज)
3958	अष्टगंधा सोसायटी (नेरु
3959	तेरना इंजिनिअरिंग कॉलेज (खैरणे)
3960	पीर मेहमुद शाह बाबा दर्गा
3961	घणसोली स्टेशन
3962	पंचवटी (घणसोली)
3963	सिद्धेश्वर / घरोंदा (घणसोली)
3964	घणसोली गाव
3965	वडारपाडा (मलाड)
3966	साईबाबा नगर (गोलीबार)
3967	मच्छी मार्केट (गोलीबार)
3968	मुस्लिम कब्रस्तान (गोलीबार)
3969	हिरानंदानी इस्टेट
3970	हिरानंदानी इस्टेट गेट
3971	इंडियन बँक (हिरानंदानी ठाणे)
3972	श्री स्वामी समर्थ नगर मार्केट
3973	ठाणे म्युनिसिपल कमिश्नर हाऊस
3974	एल. एण्ड टी. गेट नं. 6
3975	मनेकजी कुपर स्कुल
3976	रेल्वे संकल्प कॉलोनी
3977	अन्नाभाऊ साठे नगर
3978	कोका कोला कंपनी
3979	पौष माता मंदिर
3980	कला विद्यालय
3981	आम्रपाली सोसायटी (मालवणी)
3982	अमिरा अर्पाटमेंट (मालवणी)
3983	गोवंडी स्टेशन रोड (पू)
3984	राज कुमार
3985	बेस्ट क्वारी चाळ
3986	खारघर स्टेशन सबवे
3987	गोवंडी स्टेशन (पू)
3988	साईबाबा नगर (कांदार पाडा)
3989	पुष्प हेरिटेज
3990	शांती नगर (कलीना)
3991	लाल बहाद्दुर शास्त्री कॉलेज
3992	शैलेन्द्र नगर
3993	संभाजी नगर (दहीसर)
3994	हरिष एंटरप्राईज
3995	भक्ती वेदांत
3996	रॉयल कॉलेज
3997	शांतीधाम
3998	रॉयल कॉम्पलेक्स
3999	जनता डेअरी
4000	बँक ऑफ ईंडिया
4001	बांद्रा वरळी सी लिंक
4002	सेंट झेवियर हाय स्कुल
4003	ब्रम्हानंद – आझाद नगर
4004	ब्रम्हानंद फेज 3
4005	स्वस्तिक पार्क
4006	ब्रम्हानंद फेज 6
4007	ब्रम्हानंद – आझाद नगर बस स्टेशन
4008	यशस्वी नगर
4009	बालकुम नाका
4010	अशोक नगर / विलोज सोसायटी
4011	दादलानी पार्क
4012	न्यु शक्ती मिल
4013	ठाणे सिविल हॉस्पिटल
4014	आर. टी. ओ. ऑफिस (ठाणे)
4015	कलावा पुल
4016	शिवाजी चौक (कलवा)
4017	मनिषा नगर (कलवा)
4018	सुकुर पार्क
4019	खारीगाव नाका
4020	पारसिक शिव मंदिर
4021	राज पार्क
4022	पारसिक नगर
4023	रेती बंदर (खारीगाव)
4024	रबाळे गाव
4025	धिरज ऊपवन
4026	गव्हाणपाडा फायर ब्रिगेड (मुलुंड पू)
4027	जिवाला पाडा
4028	ठाटिया भाटिया सेवा फंड
4029	निर्मल अर्पाटमेंट
4030	सुमन अर्पाटमेंट
4031	पारस नगर
4032	शैलेश नगर
4033	आप्टे हॉस्पिटल
4034	एस. वी. पी. उघान
4035	एस. वी. पी. विद्यालय
4036	कन्नमवार नगर बिल्डिंग हॉस्पिटल
4037	कन्नमवार नगर बिल्डिंग 150
4038	कन्नमवार नगर बिल्डिंग 175
4039	कन्नमवार नगर बिल्डिंग 188
4040	कन्नमवार नगर बिल्डिंग 124
4041	रेयान ईंटरनॅशनल स्कुल
4042	ईन्फिनीटी आय. टी. पार्क
4043	कॉरपोरेशन (ऐरोली सेक्टर)
4044	होली क्रॉस स्कुल
4045	कोहिनुर कॉम्पलेक्स बिल्डिंग 3
4046	गांधी बालमंदिर विद्यालय
4047	कोहिनुर हॉस्पिटल
4048	साईबाबा मंदिर (अम्रुत नगर)
4049	राहत अर्पाटमेंट
4050	मसरानी इस्टेट
4051	महामाया मंदिर
4052	मागन नाथुराम म्युनिसिपल स्कुल
4053	सर्वोदय निकेतन 
4054	नवजिवन सोसायटी (कुर्ला)
4055	वास्तु आंनद (खारीगाव)
4056	सुभाष टॉवर (खारीगाव)
4057	न्यु गोल्डन नेस्ट
4058	सुखरंजीनी ट्रस्ट
4059	ईन्द्रलोक फेज 1
4060	ईन्द्रलोक फेज 2
4061	आंनद नगर (भायदंर)
4062	एम. सी. ए. कॉम्पलेक्स बी. के. सी.
4063	देना बँक / नमन सेंटर बी. के. सी.
4064	ब्लाईंड प्रेस
4065	म्युंस्पिल आर. दक्षिण वार्ड
4066	विठ्ठल मंदिर (कांदीवली)
4067	नांदेश्वर महादेव मंदिर (कांदीवली)
4068	दत्तानी ग्राम बिल्डिंग नं. 1(कांदीवली)
4069	अतुल टॉवर (कांदीवली)
4070	दत्तानी ग्राम (कांदीवली)
4071	क्रायसिल हाऊस (पवई)
4072	नॉर्थ बॉम्बे स्कुल
4073	वामनराव मुरंजन विद्यालय
4074	जैन मंदिर मुलुंड पूर्व
4075	निलम नगर फेज 2
4076	निलम नगर बिल्डिंग नं. 3
4077	जिवन ज्योती इंग्लिश स्कुल
4078	कोपरी टेलीफोन एक्सचेंज 
4079	प्रेम नगर (ठाणे)
4081	ज्ञानेश्वर विद्यालय
4082	बंगर पाखडी
4083	रॉक एव्हेन्यु
4084	सहकार बाझार (ऐरोली)
4085	लोकमत ऑफिस (महापे)
4086	डी. ए. के. सी. गेट नं. 2
4087	शिवाजी महाराज विद्यालय
4088	महापे सर्कल
4089	लीपी कंपनी
4090	एल. अण्ड टी. ईन्फोटेक
4091	अष्टविनायक चौक (ठाणे)
4092	निलकमल नाका
4093	साईक्रुपा कॉम्पलेक्स
4094	आंगणवाडी
4095	सेंट झेवियर हाय स्कुल (काशी गाव)
4096	अग्रवाल ग्रीन विलेज
4097	वेस्टर्न पार्क
4098	ईश्वर नगर भांडुप
4099	कॅसल मिल (ठाणे)
4100	गोकुल नगर (ठाणे)
4101	मुक्ताई नगर (ठाणे)
4102	कुष्ण वाटिका
4103	सरस्वती कॉम्पलेक्स (दहिसर)
4104	एस. बी. आय. गोरेगाव
4105	गजदर म्युनिसीपल शाळा
4106	नरेंद्र अपार्टमेंट
4107	गजदर बांध
4108	सांताक्रुज पोलिस चौकी बिट नं. 2
4109	ब्रम्हानंद फेज 5
4110	ओस्वाल पार्क
4111	सुभाष नगर (ठाणे)
4112	गांधी नगर (ठाणे)
4113	वंसत विहार टेलिफोन एक्सचेंज
4114	वंसत विहार
4115	लोक पुरम
4116	एडेनवुड (ठाणे)
4117	पवार नगर
4118	पवार नगर बस स्टेशन
4119	श्री सिद्धसाई मंदिर
4120	गौरव गार्डन कॉम्पलेक्स 
4121	समर्थ नगर पंपिग स्टेशन
4122	अल्फा किड्स सेंटर
4123	म्हाडा कॉलोनी (ईंन्द्रलोक)
4124	ए. डी. मोदी ईंस्टीट्युट
4125	विद्यानगरी (ऊत्तर दरवाजा)
4126	शंक्शेश्वर बिलडींग (घाडकोपर)
4127	संत राजिंदर सिंह आश्रम
4128	ब्लॉसम सोसायटी
4129	किंगस्टन एस. ई. झेड. (पवई)
4130	विठ्ठल मंदिर (मलाड)
4131	शिवराजे कॉम्पलेक्स (मलाड)
4132	प्रसन्न जिवन सोसायटी
4133	पांचेश्वर महादेव मंदिर 
4134	जॉय आषिश (बोरीवली)
4135	रतन नगर (बोरीवली)
4136	शेठ डी. एम. विद्यालय
4137	स्वामी नारायण मंदिर (बोरीवली)
4138	दौलत नगर नं. 4 (बोरीवली)
4139	बालकम पाडा नं. 1
4140	शितल गार्डन
4141	सिमेंन्स कंपनी
4142	ऐरोली स्टेशन (पू)
4143	दिघे गाव
4144	साठे नगर (ऐरोली)
4145	विटावा
4146	रेती बंदर नं. 2
4147	मुंब्रा रेल्वे स्टेशन
4148	मुंब्रा पोलिस स्टेशन
4149	पोलिस कॉलोनी (कलीना)
4150	ब्रॅडबरी मिल्स
4151	सह्याद्री स्कुल (कळवा)
4152	दत्तवाडी (कळवा)
4153	अवर लेडी ऑफ सालव्शेन स्कुल
4154	मेगामार्ट (वाशी)
4155	एम. पी. एस. सी. / यु. पी. एस. पी. ट्रेनिंग सेंटर (बांन्द्रा)
4156	एल. एस. गव्हरमेंट ऑफिस (बांन्द्रा)
4157	साई चित्र सोसायटी (चारकोप)
4158	चारकोप एकदंत सोसायटी
4159	चारकोप सेक्टर 9 / अक्षर विद्यालय
4160	शिवराजे कॉम्पलेक्स एक्सटेंशन (मलाड)
4161	मुबंई बँक (बी. के. सी.)
4162	महाराष्ट्र नगर (ठाणे)
4163	खेवडा सर्कल (ठाणे)
4164	सेरीमोनियल हॉल (योगी हिल्स)
4165	वंसत गार्डन (योगी हिल्स)
4166	कॅनरा बँक (बी. के. सी.)
4167	साईनाथ नगर (घोडबंदर)
4168	म्युंस्पिल गॅरेज (वरळी)
4169	कॅनरा बँक (खारघर)
4170	टाटा कॉलोनी बी. के. सी.
4171	भरतनगर बांन्द्रा
4172	शिवडी स्टोर
4173	ईंदिरा नगर (शिवडी)
4174	मुळाजी नगर
4175	साई कुटीर
4176	आझाद कंपाऊंड
4177	मर्चंट आणि कंपनी
4178	सुपरनोवा इंन्डस्ट्रीयल ईस्टेट
4179	तलाठी ऑफिस
4180	शिंपोळी म्युंसिपल स्कुल
4181	कोकणीपाडा एक्सटेंशन
4182	डी. ए. वी. स्कुल (मुलुंड)
4183	नागरी निवारा विद्यालय
4184	स्टॅनफोर्ड सोसायटी
4185	मधानी सर्कल (ठाणे)
4186	गार्डन कोर्ट सर्कल (ठाणे)
4187	स्वस्तिक रिगालीया
4188	गोंधळे वाडी (ठाणे)
4189	दमयंती सोसायटी (ठाणे)
4190	वाघबिळ गाव 
4191	मॅक्सस मॉल भायदंर
4192	बांद्रा बस स्थानक (प)
4193	रामदा हॉटेल (पवई)
4194	तापेश्वर मंदिर
4195	दुर्गामाता मंदिर
4196	मुंकुद कंपनी विटावा
4197	मुरढागाव
4198	रायगाव
4199	मोरवागाव
4200	डोंगरी-कुंभाडी
4201	तारोडी
4202	ऊट्टन टेलिफोन एक्सचेंज
4203	ऊट्टन फाटा
4204	हॉटेल सॅनवर्स
4205	हॉटेल मॅक्सवेल
4206	रामरत्न विद्यामंदिर
4207	कोळ्याची बावडी
4208	गोराई क्रॉस सर्कल
4209	खजुरवाडी
4210	ग्लोबल पागोडा
4211	एस्सेल वर्ल्ड
4212	गोरई क्रीक (प)
4213	‌एस.बी.पी.टी. कॉलेज
4214	व्होलटास ठाणे
